﻿<?xml version="1.0" encoding="utf-8"?>
<forms xmlns:xsi="http://www.w3.org/2001/XMLSchema-instance">
  <systemform>
    <formid>{cb407ec3-ca0e-4da0-b221-b8883793ad1d}</formid>
    <IntroducedVersion>1.0.0.0</IntroducedVersion>
    <FormPresentation>1</FormPresentation>
    <FormActivationState>1</FormActivationState>
    <form>
      <tabs>
        <tab name="general" verticallayout="true" id="{57623505-b5fd-4ee9-90c6-b02422454630}" IsUserDefined="0">
          <labels>
            <label description="" languagecode="1033" />
          </labels>
          <columns>
            <column width="25%">
              <sections>
                <section name="ColorStrip" showlabel="false" showbar="false" columns="1" IsUserDefined="0" id="{72526aba-c445-45f5-a7d1-fc45cc3c9c9b}">
                  <labels>
                    <label description="ColorStrip" languagecode="1033" />
                  </labels>
                </section>
              </sections>
            </column>
            <column width="75%">
              <sections>
                <section name="CardHeader" showlabel="false" showbar="false" columns="111" id="{f3a97868-1960-41c4-a1fc-337781bc9c8d}" IsUserDefined="0">
                  <labels>
                    <label description="Header" languagecode="1033" />
                  </labels>
                  <rows>
                    <row>
                      <cell id="{2f98f702-535b-4294-b34b-1879ea800710}" showlabel="true" locklevel="0">
                        <labels>
                          <label description="Status Reason" languagecode="1033" />
                        </labels>
                        <control id="statuscode" classid="{5D68B988-0661-4db2-BC3E-17598AD3BE6C}" datafieldname="statuscode" disabled="false" />
                      </cell>
                      <cell id="{2a5c249d-7e03-4401-b0c9-8bec0d5216c9}" showlabel="true" locklevel="0">
                        <labels>
                          <label description="" languagecode="1033" />
                        </labels>
                      </cell>
                      <cell id="{bc0d8204-0ec9-4a87-bb17-83ae5cd777f1}" showlabel="true" locklevel="0">
                        <labels>
                          <label description="" languagecode="1033" />
                        </labels>
                      </cell>
                    </row>
                  </rows>
                </section>
                <section name="CardDetails" showlabel="false" showbar="false" columns="1" id="{54f33957-2e5f-4f3e-abfd-b2d4cd22bf17}" IsUserDefined="0">
                  <labels>
                    <label description="Details" languagecode="1033" />
                  </labels>
                  <rows>
                    <row>
                      <cell id="{b02fcce2-5197-4ad5-a565-823244c2a3f9}" showlabel="true" locklevel="0">
                        <labels>
                          <label description="Area of Study Name" languagecode="1033" />
                        </labels>
                        <control id="mshied_name" classid="{4273EDBD-AC1D-40d3-9FB2-095C621B552D}" datafieldname="mshied_name" disabled="false" />
                      </cell>
                    </row>
                  </rows>
                </section>
                <section name="CardFooter" showlabel="false" columns="1111" showbar="false" id="{0d4a75f5-4d13-497f-96ac-dacf96813091}" IsUserDefined="0">
                  <labels>
                    <label description="Footer" languagecode="1033" />
                  </labels>
                  <rows>
                    <row>
                      <cell id="{49870e43-d720-47d8-aea6-14aafa47e64a}" showlabel="true" locklevel="0">
                        <labels>
                          <label description="Owner" languagecode="1033" />
                        </labels>
                        <control id="ownerid" classid="{270BD3DB-D9AF-4782-9025-509E298DEC0A}" datafieldname="ownerid" disabled="false" />
                      </cell>
                      <cell id="{c273aadf-a240-4f60-98d5-ebe757af6bee}" showlabel="true" locklevel="0">
                        <labels>
                          <label description="Created On" languagecode="1033" />
                        </labels>
                        <control id="createdon" classid="{270BD3DB-D9AF-4782-9025-509E298DEC0A}" datafieldname="createdon" disabled="false" />
                      </cell>
                      <cell id="{e7baf621-ccb5-4bc4-bf8c-1701d8fd3d74}" showlabel="true" locklevel="0">
                        <labels>
                          <label description="" languagecode="1033" />
                        </labels>
                      </cell>
                      <cell id="{d24d7bb6-207c-43dc-917e-6c0ee388288f}" showlabel="true" locklevel="0">
                        <labels>
                          <label description="" languagecode="1033" />
                        </labels>
                      </cell>
                    </row>
                  </rows>
                </section>
              </sections>
            </column>
          </columns>
        </tab>
      </tabs>
    </form>
    <IsCustomizable>1</IsCustomizable>
    <CanBeDeleted>1</CanBeDeleted>
    <LocalizedNames>
      <LocalizedName description="Information" languagecode="1033" />
    </LocalizedNames>
    <Descriptions>
      <Description description="A card form for this entity." languagecode="1033" />
    </Descriptions>
  </systemform>
</forms>