﻿<?xml version="1.0" encoding="utf-8"?>
<savedqueries xmlns:xsi="http://www.w3.org/2001/XMLSchema-instance">
  <savedquery>
    <IsCustomizable>1</IsCustomizable>
    <CanBeDeleted>0</CanBeDeleted>
    <isquickfindquery>0</isquickfindquery>
    <isprivate>0</isprivate>
    <isdefault>1</isdefault>
    <savedqueryid>{61b963c0-d98a-439a-8430-94808873c40b}</savedqueryid>
    <layoutxml>
      <grid name="" jump="mshied_name" select="1" icon="1" preview="1">
        <row name="mshied_coursesection" id="mshied_coursesectionid">
          <cell name="mshied_name" width="200" imageproviderfunctionname="" imageproviderwebresource="$webresource:" />
          <cell name="mshied_academicperiodid" width="100" />
          <cell name="mshied_campusid" width="100" />
          <cell name="mshied_courseid" width="100" />
          <cell name="mshied_coursedaytime" width="100" />
        </row>
      </grid>
    </layoutxml>
    <querytype>2</querytype>
    <fetchxml>
      <fetch version="1.0" mapping="logical">
        <entity name="mshied_coursesection">
          <attribute name="mshied_name" />
          <filter type="and">
            <condition attribute="statecode" operator="eq" value="0" />
          </filter>
          <attribute name="mshied_coursedaytime" />
          <attribute name="mshied_courseid" />
          <attribute name="mshied_campusid" />
          <attribute name="mshied_academicperiodid" />
          <order attribute="mshied_name" descending="false" />
          <attribute name="mshied_coursesectionid" />
        </entity>
      </fetch>
    </fetchxml>
    <IntroducedVersion>1.0.0.5</IntroducedVersion>
    <LocalizedNames>
      <LocalizedName description="Course Section Associated View" languagecode="1033" />
    </LocalizedNames>
  </savedquery>
</savedqueries>