﻿<?xml version="1.0" encoding="utf-8"?>
<savedqueries xmlns:xsi="http://www.w3.org/2001/XMLSchema-instance">
  <savedquery>
    <IsCustomizable>1</IsCustomizable>
    <CanBeDeleted>1</CanBeDeleted>
    <isquickfindquery>0</isquickfindquery>
    <isprivate>0</isprivate>
    <isdefault>1</isdefault>
    <savedqueryid>{69fc49a5-79c7-e811-a96f-000d3a1c5096}</savedqueryid>
    <querytype>8192</querytype>
    <fetchxml>
      <fetch version="1.0" mapping="logical" output-format="xml-platform">
        <entity name="mshied_coursesection">
          <attribute name="mshied_coursesectionid" />
          <filter type="and">
            <condition attribute="statecode" operator="eq" value="0" />
            <condition attribute="ownerid" operator="eq-userid" />
          </filter>
        </entity>
      </fetch>
    </fetchxml>
    <IntroducedVersion>1.0.0.5</IntroducedVersion>
    <LocalizedNames>
      <LocalizedName description="My Course Section" languagecode="1033" />
    </LocalizedNames>
    <Descriptions>
      <Description description="Active Course Section owned by me" languagecode="1033" />
    </Descriptions>
  </savedquery>
</savedqueries>