﻿<?xml version="1.0" encoding="utf-8"?>
<savedqueries xmlns:xsi="http://www.w3.org/2001/XMLSchema-instance">
  <savedquery>
    <IsCustomizable>1</IsCustomizable>
    <CanBeDeleted>0</CanBeDeleted>
    <isquickfindquery>0</isquickfindquery>
    <isprivate>0</isprivate>
    <isdefault>1</isdefault>
    <savedqueryid>{c3a92e6a-8231-40f6-8833-e13e21e0413e}</savedqueryid>
    <layoutxml>
      <grid name="mshied_grantapplicants" jump="mshied_name" select="1" icon="1" preview="0">
        <row name="mshied_grantapplicant" id="mshied_grantapplicantid">
          <cell name="mshied_name" width="300" />
          <cell name="createdon" width="125" />
        </row>
      </grid>
    </layoutxml>
    <querytype>64</querytype>
    <fetchxml>
      <fetch version="1.0" mapping="logical">
        <entity name="mshied_grantapplicant">
          <attribute name="mshied_grantapplicantid" />
          <attribute name="mshied_name" />
          <attribute name="createdon" />
          <filter type="and">
            <condition attribute="statecode" operator="eq" value="0" />
          </filter>
        </entity>
      </fetch>
    </fetchxml>
    <IntroducedVersion>1.0.3.8</IntroducedVersion>
    <LocalizedNames>
      <LocalizedName description="Grant Applicant Lookup View" languagecode="1033" />
    </LocalizedNames>
  </savedquery>
</savedqueries>