﻿<?xml version="1.0" encoding="utf-8"?>
<WebResource xmlns:xsi="http://www.w3.org/2001/XMLSchema-instance">
  <WebResourceId>{0c051fc5-b2e3-e911-a839-000d3a1d5203}</WebResourceId>
  <Name>mshied_/welcomeScreen/hiedhubwelcomepage.html</Name>
  <DisplayName>hiedhubwelcomepage.html</DisplayName>
  <LanguageCode>1033</LanguageCode>
  <WebResourceType>1</WebResourceType>
  <IntroducedVersion>2.0.3.6</IntroducedVersion>
  <IsEnabledForMobileClient>0</IsEnabledForMobileClient>
  <IsAvailableForMobileOffline>0</IsAvailableForMobileOffline>
  <DependencyXml>&lt;Dependencies&gt;&lt;Dependency componentType="WebResource"/&gt;&lt;/Dependencies&gt;</DependencyXml>
  <IsCustomizable>1</IsCustomizable>
  <CanBeDeleted>1</CanBeDeleted>
  <IsHidden>0</IsHidden>
  <FileName>/WebResources/mshied_welcomeScreenhiedhubwelcomepagehtml0C051FC5-B2E3-E911-A839-000D3A1D5203</FileName>
</WebResource>