﻿<?xml version="1.0" encoding="utf-8"?>
<forms xmlns:xsi="http://www.w3.org/2001/XMLSchema-instance">
  <systemform>
    <formid>{a9f0cb36-f395-4ff1-9552-707265a7d818}</formid>
    <IntroducedVersion>1.0.0.5</IntroducedVersion>
    <FormPresentation>1</FormPresentation>
    <FormActivationState>1</FormActivationState>
    <form shownavigationbar="true" showImage="false" maxWidth="1920">
      <tabs>
        <tab verticallayout="true" id="{353d9d58-e80f-419b-af74-34cf7d147e6d}" IsUserDefined="1">
          <labels>
            <label description="General" languagecode="1033" />
          </labels>
          <columns>
            <column width="100%">
              <sections>
                <section showlabel="false" showbar="false" IsUserDefined="0" id="{f631ae50-ae50-4182-9377-b14293ebb198}">
                  <labels>
                    <label description="General" languagecode="1033" />
                  </labels>
                  <rows>
                    <row>
                      <cell id="{26881569-394b-4a25-8ec5-78de15aabcb2}">
                        <labels>
                          <label description="Course Section Name" languagecode="1033" />
                        </labels>
                        <control id="mshied_name" classid="{4273EDBD-AC1D-40d3-9FB2-095C621B552D}" datafieldname="mshied_name" />
                      </cell>
                    </row>
                    <row>
                      <cell id="{5cb23510-6f81-4bd7-a64b-013984ca748f}">
                        <labels>
                          <label description="Owner" languagecode="1033" />
                        </labels>
                        <control id="ownerid" classid="{270BD3DB-D9AF-4782-9025-509E298DEC0A}" datafieldname="ownerid" />
                      </cell>
                    </row>
                  </rows>
                </section>
              </sections>
            </column>
          </columns>
        </tab>
        <tab name="Details" id="{b2eb5ca9-930e-5ec0-36e7-a1c8d1963531}" IsUserDefined="0" locklevel="0" showlabel="true" expanded="true">
          <labels>
            <label description="Details" languagecode="1033" />
          </labels>
          <columns>
            <column width="50%">
              <sections>
                <section name="tab_2_section_1" showlabel="false" showbar="false" locklevel="0" id="{3c624179-033b-33e8-e275-d31cbedb561c}" IsUserDefined="0" layout="varwidth" columns="1" labelwidth="115">
                  <labels>
                    <label description="Section" languagecode="1033" />
                  </labels>
                  <rows>
                    <row>
                      <cell id="{8943126d-c66d-8143-6d06-873900509984}" showlabel="true" locklevel="0">
                        <labels>
                          <label description="Instructor" languagecode="1033" />
                        </labels>
                        <control id="mshied_instructorid" classid="{270BD3DB-D9AF-4782-9025-509E298DEC0A}" datafieldname="mshied_instructorid" disabled="false" uniqueid="{68282b27-50d7-b07c-8090-b0ca30313e0c}">
                          <parameters>
                            <AutoResolve>true</AutoResolve>
                            <DisableMru>false</DisableMru>
                            <DisableQuickFind>false</DisableQuickFind>
                            <DisableViewPicker>false</DisableViewPicker>
                            <DefaultViewId>{BF399CF9-24CE-E811-A967-000D3A1C53E4}</DefaultViewId>
                            <AllowFilterOff>false</AllowFilterOff>
                          </parameters>
                        </control>
                      </cell>
                    </row>
                    <row>
                      <cell id="{a02b62a7-365c-33e5-acc6-e69194567ac2}" showlabel="true" locklevel="0">
                        <labels>
                          <label description="Course" languagecode="1033" />
                        </labels>
                        <control id="mshied_courseid" classid="{270BD3DB-D9AF-4782-9025-509E298DEC0A}" datafieldname="mshied_courseid" disabled="false" />
                      </cell>
                    </row>
                    <row>
                      <cell id="{49b32d69-28e8-eb23-21c8-c52dede0c9d6}" showlabel="true" locklevel="0">
                        <labels>
                          <label description="Campus" languagecode="1033" />
                        </labels>
                        <control id="mshied_campusid" classid="{270BD3DB-D9AF-4782-9025-509E298DEC0A}" datafieldname="mshied_campusid" disabled="false" />
                      </cell>
                    </row>
                    <row>
                      <cell id="{85036b1c-9d92-241e-bd7b-1cd1e57e3da5}" showlabel="true" locklevel="0">
                        <labels>
                          <label description="Location" languagecode="1033" />
                        </labels>
                        <control id="mshied_location" classid="{4273EDBD-AC1D-40d3-9FB2-095C621B552D}" datafieldname="mshied_location" disabled="false" />
                      </cell>
                    </row>
                  </rows>
                </section>
              </sections>
            </column>
            <column width="50%">
              <sections>
                <section name="tab_2_section_2" showlabel="false" showbar="false" locklevel="0" id="{ee668695-3dd7-96cb-32be-489713ede65e}" IsUserDefined="0" layout="varwidth" columns="1" labelwidth="115">
                  <labels>
                    <label description="Section" languagecode="1033" />
                  </labels>
                  <rows>
                    <row>
                      <cell id="{15601c79-2082-ec56-1106-73787d2bd00d}" showlabel="true" locklevel="0">
                        <labels>
                          <label description="Prerequisites" languagecode="1033" />
                        </labels>
                        <control id="mshied_prerequisites" classid="{4273EDBD-AC1D-40d3-9FB2-095C621B552D}" datafieldname="mshied_prerequisites" disabled="false" />
                      </cell>
                    </row>
                    <row>
                      <cell id="{56d02d16-4d80-3ea6-74cd-d7be6e3d55c2}" showlabel="true" locklevel="0">
                        <labels>
                          <label description="Academic Period" languagecode="1033" />
                        </labels>
                        <control id="mshied_academicperiodid" classid="{270BD3DB-D9AF-4782-9025-509E298DEC0A}" datafieldname="mshied_academicperiodid" disabled="false" />
                      </cell>
                    </row>
                    <row>
                      <cell id="{30c1d906-ca92-b838-e151-22c40e8426c5}" showlabel="true" locklevel="0">
                        <labels>
                          <label description="Course Day/Time" languagecode="1033" />
                        </labels>
                        <control id="mshied_coursedaytime" classid="{4273EDBD-AC1D-40d3-9FB2-095C621B552D}" datafieldname="mshied_coursedaytime" disabled="false" />
                      </cell>
                    </row>
                  </rows>
                </section>
              </sections>
            </column>
          </columns>
        </tab>
      </tabs>
      <Navigation>
        <NavBar></NavBar>
        <NavBarAreas>
          <NavBarArea Id="Info">
            <Titles>
              <Title LCID="1033" Text="Common" />
            </Titles>
          </NavBarArea>
          <NavBarArea Id="Sales">
            <Titles>
              <Title LCID="1033" Text="Sales" />
            </Titles>
          </NavBarArea>
          <NavBarArea Id="Service">
            <Titles>
              <Title LCID="1033" Text="Service" />
            </Titles>
          </NavBarArea>
          <NavBarArea Id="Marketing">
            <Titles>
              <Title LCID="1033" Text="Marketing" />
            </Titles>
          </NavBarArea>
          <NavBarArea Id="ProcessCenter">
            <Titles>
              <Title LCID="1033" Text="Process Sessions" />
            </Titles>
          </NavBarArea>
        </NavBarAreas>
      </Navigation>
      <controlDescriptions />
    </form>
    <IsCustomizable>1</IsCustomizable>
    <CanBeDeleted>1</CanBeDeleted>
    <LocalizedNames>
      <LocalizedName description="Higher Education Course Section Form" languagecode="1033" />
    </LocalizedNames>
    <Descriptions>
      <Description description="Higher Education Course Section Form" languagecode="1033" />
    </Descriptions>
  </systemform>
</forms>