﻿<?xml version="1.0" encoding="utf-8"?>
<savedqueries xmlns:xsi="http://www.w3.org/2001/XMLSchema-instance">
  <savedquery>
    <IsCustomizable>1</IsCustomizable>
    <CanBeDeleted>0</CanBeDeleted>
    <isquickfindquery>1</isquickfindquery>
    <isprivate>0</isprivate>
    <isdefault>1</isdefault>
    <savedqueryid>{6079df10-a7d2-4a9f-9da0-f5874ce94609}</savedqueryid>
    <layoutxml>
      <grid name="resultset" jump="bpf_name" select="1" icon="1" preview="1">
        <row name="result" id="businessprocessflowinstanceid">
          <cell name="bpf_mshied_grantapplicantid" width="300" />
          <cell name="activestageid" width="150" />
          <cell name="statuscode" width="150" />
          <cell name="createdon" width="150" />
          <cell name="processid" width="300" />
        </row>
      </grid>
    </layoutxml>
    <querytype>4</querytype>
    <fetchxml>
      <fetch version="1.0" mapping="logical">
        <entity name="mshied_grantapplicationbusinessprocessflow">
          <attribute name="businessprocessflowinstanceid" />
          <attribute name="bpf_name" />
          <attribute name="createdon" />
          <attribute name="bpf_mshied_grantapplicantid" />
          <attribute name="activestageid" />
          <attribute name="statecode" />
          <attribute name="createdby" />
          <attribute name="processid" />
          <order attribute="bpf_name" descending="false" />
          <filter type="and">
            <condition attribute="statecode" operator="eq" value="0" />
          </filter>
          <filter type="or" isquickfindfields="1">
            <condition attribute="bpf_name" operator="like" value="{0}" />
            <condition attribute="bpf_mshied_grantapplicantid" operator="like" value="{0}" />
            <condition attribute="activestageid" operator="like" value="{0}" />
          </filter>
        </entity>
      </fetch>
    </fetchxml>
    <IntroducedVersion>1.0</IntroducedVersion>
    <LocalizedNames>
      <LocalizedName description="Quick Find Active Grant Application Business Process Flow" languagecode="1033" />
    </LocalizedNames>
  </savedquery>
</savedqueries>