﻿<?xml version="1.0" encoding="utf-8"?>
<savedqueries xmlns:xsi="http://www.w3.org/2001/XMLSchema-instance">
  <savedquery>
    <IsCustomizable>1</IsCustomizable>
    <CanBeDeleted>1</CanBeDeleted>
    <isquickfindquery>0</isquickfindquery>
    <isprivate>0</isprivate>
    <isdefault>1</isdefault>
    <savedqueryid>{b523a6bb-9de0-e911-a968-000d3a3b9825}</savedqueryid>
    <querytype>8192</querytype>
    <fetchxml>
      <fetch version="1.0" mapping="logical" output-format="xml-platform">
        <entity name="mshied_grantapplicationbusinessprocessflow">
          <attribute name="businessprocessflowinstanceid" />
          <filter type="and">
            <condition attribute="statecode" operator="eq" value="0" />
          </filter>
        </entity>
      </fetch>
    </fetchxml>
    <IntroducedVersion>1.0</IntroducedVersion>
    <LocalizedNames>
      <LocalizedName description="Grant Application Business Process Flow" languagecode="1033" />
    </LocalizedNames>
    <Descriptions>
      <Description description="All active Grant Application Business Process Flow" languagecode="1033" />
    </Descriptions>
  </savedquery>
</savedqueries>