﻿<?xml version="1.0" encoding="utf-8"?>
<forms xmlns:xsi="http://www.w3.org/2001/XMLSchema-instance">
  <systemform>
    <formid>{62b904ef-9ad7-4121-bdd3-094e7d027b08}</formid>
    <IntroducedVersion>1.0.0.0</IntroducedVersion>
    <FormPresentation>1</FormPresentation>
    <FormActivationState>1</FormActivationState>
    <form>
      <tabs>
        <tab name="general" verticallayout="true" id="{bfa3a43c-fcc4-442d-b6af-bb5098ad9630}" IsUserDefined="0">
          <labels>
            <label description="" languagecode="1033" />
          </labels>
          <columns>
            <column width="25%">
              <sections>
                <section name="ColorStrip" showlabel="false" showbar="false" columns="1" IsUserDefined="0" id="{6c22b55a-8995-492c-99e9-a49473971295}">
                  <labels>
                    <label description="ColorStrip" languagecode="1033" />
                  </labels>
                </section>
              </sections>
            </column>
            <column width="75%">
              <sections>
                <section name="CardHeader" showlabel="false" showbar="false" columns="111" id="{6a1195cd-e904-4ee0-a7fc-23ce448ff5a3}" IsUserDefined="0">
                  <labels>
                    <label description="Header" languagecode="1033" />
                  </labels>
                  <rows>
                    <row>
                      <cell id="{080c811b-3e53-4701-97fb-4c9ce07edde8}" showlabel="true" locklevel="0">
                        <labels>
                          <label description="Status Reason" languagecode="1033" />
                        </labels>
                        <control id="statuscode" classid="{5D68B988-0661-4db2-BC3E-17598AD3BE6C}" datafieldname="statuscode" disabled="false" />
                      </cell>
                      <cell id="{1265a43f-486b-4a75-ad7a-e6b109007020}" showlabel="true" locklevel="0">
                        <labels>
                          <label description="" languagecode="1033" />
                        </labels>
                      </cell>
                      <cell id="{675d5717-cd5a-41ae-a5ff-838b85651565}" showlabel="true" locklevel="0">
                        <labels>
                          <label description="" languagecode="1033" />
                        </labels>
                      </cell>
                    </row>
                  </rows>
                </section>
                <section name="CardDetails" showlabel="false" showbar="false" columns="1" id="{066628e4-a828-4265-8009-b631553b8008}" IsUserDefined="0">
                  <labels>
                    <label description="Details" languagecode="1033" />
                  </labels>
                  <rows>
                    <row>
                      <cell id="{d4ce2cdb-b837-439d-9e94-667e065264e7}" showlabel="true" locklevel="0">
                        <labels>
                          <label description="Course Name" languagecode="1033" />
                        </labels>
                        <control id="mshied_name" classid="{4273EDBD-AC1D-40d3-9FB2-095C621B552D}" datafieldname="mshied_name" disabled="false" />
                      </cell>
                    </row>
                  </rows>
                </section>
                <section name="CardFooter" showlabel="false" columns="1111" showbar="false" id="{a1a0dd1f-1898-4b29-9c52-317461615f2f}" IsUserDefined="0">
                  <labels>
                    <label description="Footer" languagecode="1033" />
                  </labels>
                  <rows>
                    <row>
                      <cell id="{ca99eba5-c797-4b66-8813-90385c07c248}" showlabel="true" locklevel="0">
                        <labels>
                          <label description="Owner" languagecode="1033" />
                        </labels>
                        <control id="ownerid" classid="{270BD3DB-D9AF-4782-9025-509E298DEC0A}" datafieldname="ownerid" disabled="false" />
                      </cell>
                      <cell id="{8f32c5d3-f444-45c4-a8bb-5e943aadbe0b}" showlabel="true" locklevel="0">
                        <labels>
                          <label description="Created On" languagecode="1033" />
                        </labels>
                        <control id="createdon" classid="{270BD3DB-D9AF-4782-9025-509E298DEC0A}" datafieldname="createdon" disabled="false" />
                      </cell>
                      <cell id="{da22d838-bd0d-43a2-8f54-b7dcb326e522}" showlabel="true" locklevel="0">
                        <labels>
                          <label description="" languagecode="1033" />
                        </labels>
                      </cell>
                      <cell id="{fc0e6d8f-1b67-40c7-ab53-f5b6fc49d53c}" showlabel="true" locklevel="0">
                        <labels>
                          <label description="" languagecode="1033" />
                        </labels>
                      </cell>
                    </row>
                  </rows>
                </section>
              </sections>
            </column>
          </columns>
        </tab>
      </tabs>
    </form>
    <IsCustomizable>1</IsCustomizable>
    <CanBeDeleted>1</CanBeDeleted>
    <LocalizedNames>
      <LocalizedName description="Information" languagecode="1033" />
    </LocalizedNames>
    <Descriptions>
      <Description description="A card form for this entity." languagecode="1033" />
    </Descriptions>
  </systemform>
</forms>