﻿<?xml version="1.0" encoding="utf-8"?>
<savedqueries xmlns:xsi="http://www.w3.org/2001/XMLSchema-instance">
  <savedquery>
    <IsCustomizable>1</IsCustomizable>
    <CanBeDeleted>0</CanBeDeleted>
    <isquickfindquery>0</isquickfindquery>
    <isprivate>0</isprivate>
    <isdefault>1</isdefault>
    <savedqueryid>{e97285af-fefd-43d2-8dfb-5e8ae4eccf1e}</savedqueryid>
    <layoutxml>
      <grid name="resultset" jump="mshied_name" select="1" icon="1" preview="1">
        <row name="result" id="mshied_programversiondetailid">
          <cell name="mshied_name" width="200" imageproviderfunctionname="" imageproviderwebresource="$webresource:" />
          <cell name="mshied_programversionid" width="100" />
          <cell name="mshied_startdate" width="100" />
          <cell name="mshied_midpointdate" width="100" />
          <cell name="mshied_expectedgraduationdate" width="100" />
          <cell name="mshied_code" width="100" />
        </row>
      </grid>
    </layoutxml>
    <querytype>1</querytype>
    <fetchxml>
      <fetch version="1.0" mapping="logical">
        <entity name="mshied_programversiondetail">
          <attribute name="mshied_programversiondetailid" />
          <attribute name="mshied_name" />
          <attribute name="mshied_startdate" />
          <attribute name="mshied_programversionid" />
          <attribute name="mshied_midpointdate" />
          <attribute name="mshied_expectedgraduationdate" />
          <attribute name="mshied_code" />
          <order attribute="mshied_name" descending="false" />
        </entity>
      </fetch>
    </fetchxml>
    <IntroducedVersion>1.0.0.0</IntroducedVersion>
    <LocalizedNames>
      <LocalizedName description="Program Version Detail Advanced Find View" languagecode="1033" />
    </LocalizedNames>
  </savedquery>
</savedqueries>