﻿<?xml version="1.0" encoding="utf-8"?>
<savedqueries xmlns:xsi="http://www.w3.org/2001/XMLSchema-instance">
  <savedquery>
    <IsCustomizable>1</IsCustomizable>
    <CanBeDeleted>0</CanBeDeleted>
    <isquickfindquery>0</isquickfindquery>
    <isprivate>0</isprivate>
    <isdefault>0</isdefault>
    <savedqueryid>{4f578475-1110-46ad-aaa8-de9bc8b9a6aa}</savedqueryid>
    <layoutxml>
      <grid name="resultset" jump="mshied_name" select="1" icon="1" preview="1">
        <row name="result" id="mshied_scholarshipid">
          <cell name="mshied_name" width="300" />
          <cell name="createdon" width="125" />
        </row>
      </grid>
    </layoutxml>
    <querytype>0</querytype>
    <fetchxml>
      <fetch version="1.0" mapping="logical">
        <entity name="mshied_scholarship">
          <attribute name="mshied_scholarshipid" />
          <attribute name="mshied_name" />
          <attribute name="createdon" />
          <order attribute="mshied_name" descending="false" />
          <filter type="and">
            <condition attribute="statecode" operator="eq" value="1" />
          </filter>
        </entity>
      </fetch>
    </fetchxml>
    <IntroducedVersion>1.0.3.8</IntroducedVersion>
    <LocalizedNames>
      <LocalizedName description="Inactive Scholarships" languagecode="1033" />
    </LocalizedNames>
  </savedquery>
</savedqueries>