﻿<?xml version="1.0" encoding="utf-8"?>
<savedqueries xmlns:xsi="http://www.w3.org/2001/XMLSchema-instance">
  <savedquery>
    <IsCustomizable>1</IsCustomizable>
    <CanBeDeleted>0</CanBeDeleted>
    <isquickfindquery>0</isquickfindquery>
    <isprivate>0</isprivate>
    <isdefault>1</isdefault>
    <savedqueryid>{ea45a19d-1bdf-4782-98d2-975c5d97817d}</savedqueryid>
    <layoutxml>
      <grid name="resultset" jump="mshied_name" select="1" icon="1" preview="1">
        <row name="result" id="mshied_scholarshipid">
          <cell name="mshied_name" width="200" />
          <cell name="mshied_businesspartner" width="200" />
          <cell name="mshied_type" width="100" />
          <cell name="mshied_applicationdeadlinedate" width="100" />
          <cell name="statecode" width="100" />
          <cell name="mshied_amount" width="100" />
        </row>
      </grid>
    </layoutxml>
    <querytype>0</querytype>
    <fetchxml>
      <fetch version="1.0" mapping="logical">
        <entity name="mshied_scholarship">
          <attribute name="mshied_scholarshipid" />
          <attribute name="mshied_name" />
          <order attribute="mshied_name" descending="false" />
          <filter type="and">
            <condition attribute="statecode" operator="eq" value="0" />
          </filter>
          <attribute name="mshied_businesspartner" />
          <attribute name="mshied_type" />
          <attribute name="mshied_applicationdeadlinedate" />
          <attribute name="statecode" />
          <attribute name="mshied_amount" />
        </entity>
      </fetch>
    </fetchxml>
    <IntroducedVersion>1.0.3.8</IntroducedVersion>
    <LocalizedNames>
      <LocalizedName description="Active Scholarships" languagecode="1033" />
    </LocalizedNames>
  </savedquery>
</savedqueries>