﻿<?xml version="1.0" encoding="utf-8"?>
<forms xmlns:xsi="http://www.w3.org/2001/XMLSchema-instance">
  <systemform>
    <formid>{cfa000c5-c6ea-e911-a968-000d3a3b9825}</formid>
    <IntroducedVersion>2.0.2.0</IntroducedVersion>
    <FormPresentation>1</FormPresentation>
    <FormActivationState>1</FormActivationState>
    <form headerdensity="Low">
      <tabs>
        <tab id="ACBA75B7-97B6-4116-AA55-51312992B721" name="tab_1" showlabel="false" labelid="{d654114e-428a-4850-8a76-655606adaab8}" locklevel="0" expanded="true">
          <labels>
            <label description="Tab" languagecode="1033" />
          </labels>
          <columns>
            <column width="100%">
              <sections>
                <section id="AD49B5BF-256F-46A8-9C75-947146172EB9" name="tab_1_column_1_section_1" columns="1" showlabel="false" showbar="false" IsUserDefined="0" labelwidth="130" labelid="{1de613f6-bb8c-438a-bc99-596c50ad2e10}" locklevel="0" celllabelalignment="Left" celllabelposition="Left">
                  <labels>
                    <label description="Section" languagecode="1033" />
                  </labels>
                  <rows>
                    <row>
                      <cell id="{8ed11d13-582f-45d3-ac06-b0e5c0d41dd0}" showlabel="true" locklevel="0" labelid="{76c79ed1-b7d8-4755-9945-d6364afb7e26}">
                        <labels>
                          <label description="Area of Study" languagecode="1033" />
                        </labels>
                        <control id="mshied_areaofstudy" classid="{270BD3DB-D9AF-4782-9025-509E298DEC0A}" datafieldname="mshied_areaofstudy" disabled="false" />
                      </cell>
                    </row>
                  </rows>
                </section>
              </sections>
            </column>
          </columns>
        </tab>
      </tabs>
      <DisplayConditions Order="0" FallbackForm="true" />
    </form>
    <IsCustomizable>1</IsCustomizable>
    <CanBeDeleted>1</CanBeDeleted>
    <LocalizedNames>
      <LocalizedName description="Grant quick view form" languagecode="1033" />
    </LocalizedNames>
  </systemform>
</forms>