﻿<?xml version="1.0" encoding="utf-8"?>
<forms xmlns:xsi="http://www.w3.org/2001/XMLSchema-instance">
  <systemform>
    <formid>{b5624b8e-e9c1-4bcf-b350-068c24b0fb88}</formid>
    <IntroducedVersion>1.0.3.8</IntroducedVersion>
    <FormPresentation>1</FormPresentation>
    <FormActivationState>1</FormActivationState>
    <form headerdensity="Low">
      <tabs>
        <tab name="tab_2" id="{163422a1-c7e4-745e-36e9-b4eed3995054}" IsUserDefined="0" locklevel="0" showlabel="true" expanded="true">
          <labels>
            <label description="General" languagecode="1033" />
          </labels>
          <columns>
            <column width="100%">
              <sections>
                <section name="tab_2_section_2" showlabel="true" showbar="true" locklevel="0" id="{6c5eca62-1463-626e-6e20-e831d1226632}" IsUserDefined="0" layout="varwidth" columns="11" labelwidth="115" celllabelalignment="Left" celllabelposition="Left">
                  <labels>
                    <label description="Information" languagecode="1033" />
                  </labels>
                  <rows>
                    <row>
                      <cell id="{8e597fe9-06cc-48b5-aed7-60ae99ca1762}" showlabel="true" locklevel="0">
                        <labels>
                          <label description="Name" languagecode="1033" />
                        </labels>
                        <control id="mshied_name" classid="{4273EDBD-AC1D-40D3-9FB2-095C621B552D}" datafieldname="mshied_name" disabled="false" />
                      </cell>
                      <cell id="{297ff35a-c81b-4148-8091-ef94681c6271}" showlabel="true" locklevel="0">
                        <labels>
                          <label description="Is willing to Relocate" languagecode="1033" />
                        </labels>
                        <control id="mshied_iswillingtorelocate" classid="{67FAC785-CD58-4F9F-ABB3-4B7DDC6ED5ED}" datafieldname="mshied_iswillingtorelocate" disabled="false" />
                      </cell>
                    </row>
                    <row>
                      <cell id="{2de23758-1378-40ad-9941-3d723135d873}" showlabel="true" locklevel="0">
                        <labels>
                          <label description="Application State Code" languagecode="1033" />
                        </labels>
                        <control id="mshied_applicationstatecode" classid="{3EF39988-22BB-4F0B-BBBE-64B5A3748AEE}" datafieldname="mshied_applicationstatecode" disabled="false" />
                      </cell>
                      <cell id="{602811e3-eec7-4781-b9f4-2521ed7281d2}" showlabel="true" locklevel="0">
                        <labels>
                          <label description="Submission Date" languagecode="1033" />
                        </labels>
                        <control id="mshied_submissiondate" classid="{5B773807-9FB2-42DB-97C3-7A91EFF8ADFF}" datafieldname="mshied_submissiondate" disabled="false" />
                      </cell>
                    </row>
                    <row>
                      <cell id="{046ce70e-4391-412d-aef9-87bf338c624d}" showlabel="true" locklevel="0">
                        <labels>
                          <label description="Applicant" languagecode="1033" />
                        </labels>
                        <control id="mshied_applicant" classid="{270BD3DB-D9AF-4782-9025-509E298DEC0A}" datafieldname="mshied_applicant" disabled="false" />
                      </cell>
                      <cell id="{89c05d05-e445-4084-a1d0-ee2d896e62e7}" showlabel="true" locklevel="0">
                        <labels>
                          <label description="Offer Made Date" languagecode="1033" />
                        </labels>
                        <control id="mshied_offermadedate" classid="{5B773807-9FB2-42DB-97C3-7A91EFF8ADFF}" datafieldname="mshied_offermadedate" disabled="false" />
                      </cell>
                    </row>
                    <row>
                      <cell id="{06a8e740-e47a-4fe2-8914-a3f9007b3e97}" showlabel="true" locklevel="0">
                        <labels>
                          <label description="Internship" languagecode="1033" />
                        </labels>
                        <control id="mshied_internship" classid="{270BD3DB-D9AF-4782-9025-509E298DEC0A}" datafieldname="mshied_internship" disabled="false" />
                      </cell>
                      <cell id="{23c3b314-5a60-47db-9a4c-9955bc152bfd}" showlabel="true" locklevel="0">
                        <labels>
                          <label description="Offer Deadline Date" languagecode="1033" />
                        </labels>
                        <control id="mshied_offerdeadlinedate" classid="{5B773807-9FB2-42DB-97C3-7A91EFF8ADFF}" datafieldname="mshied_offerdeadlinedate" disabled="false" />
                      </cell>
                    </row>
                    <row>
                      <cell id="{46ecc407-22a7-46c4-ae04-00f49cb3e7dc}" showlabel="true" locklevel="0">
                        <labels>
                          <label description="Business Partner" languagecode="1033" />
                        </labels>
                        <control id="mshied_businesspartner" classid="{270BD3DB-D9AF-4782-9025-509E298DEC0A}" datafieldname="mshied_businesspartner" disabled="false" />
                      </cell>
                      <cell id="{b33fbd75-7b0b-4511-90de-7f35fd57f1a0}" showlabel="true" locklevel="0">
                        <labels>
                          <label description="Offer Accepted Date" languagecode="1033" />
                        </labels>
                        <control id="mshied_offeraccepteddate" classid="{5B773807-9FB2-42DB-97C3-7A91EFF8ADFF}" datafieldname="mshied_offeraccepteddate" disabled="false" />
                      </cell>
                    </row>
                  </rows>
                </section>
                <section name="tab_2_section_1" showlabel="true" showbar="true" locklevel="0" id="{b5b83c1e-e511-7176-9b1c-644d3881a85c}" IsUserDefined="0" layout="varwidth" columns="1" labelwidth="115" celllabelalignment="Left" celllabelposition="Left">
                  <labels>
                    <label description="Details" languagecode="1033" />
                  </labels>
                  <rows>
                    <row>
                      <cell id="{23170d76-fdb9-4696-8282-146af778d8ed}" showlabel="true" locklevel="0">
                        <labels>
                          <label description="Qualification Description" languagecode="1033" />
                        </labels>
                        <control id="mshied_qualificationdescription" classid="{E0DECE4B-6FC8-4A8F-A065-082708572369}" datafieldname="mshied_qualificationdescription" disabled="false" />
                      </cell>
                    </row>
                  </rows>
                </section>
              </sections>
            </column>
          </columns>
        </tab>
      </tabs>
      <header id="{374fba51-fb5e-42b2-81e2-c7d77a0863ef}" celllabelposition="Top" columns="111" labelwidth="115" celllabelalignment="Left">
        <rows>
          <row>
            <cell id="{bd9d2235-467c-4cb2-9ca0-819a98d2fea0}" showlabel="false">
              <labels>
                <label description="" languagecode="1033" />
              </labels>
            </cell>
            <cell id="{d820e2bb-1ec1-4f12-8622-a5c1b4a8e034}" showlabel="false">
              <labels>
                <label description="" languagecode="1033" />
              </labels>
            </cell>
            <cell id="{0483963b-697d-3a63-dd51-1a1206dc4654}" showlabel="true" locklevel="0">
              <labels>
                <label description="Owner" languagecode="1033" />
              </labels>
              <control id="header_ownerid" classid="{270BD3DB-D9AF-4782-9025-509E298DEC0A}" datafieldname="ownerid" disabled="false" />
            </cell>
          </row>
        </rows>
      </header>
      <footer id="{f133d89d-d166-4263-97d9-2abf8a3c787e}" celllabelposition="Top" columns="111" labelwidth="115" celllabelalignment="Left">
        <rows>
          <row>
            <cell id="{24457d70-ccb9-46e4-be09-e453564c2a3f}" showlabel="false">
              <labels>
                <label description="" languagecode="1033" />
              </labels>
            </cell>
            <cell id="{fca05a79-619b-4469-a759-5f028197ecff}" showlabel="false">
              <labels>
                <label description="" languagecode="1033" />
              </labels>
            </cell>
            <cell id="{ab2701b3-001d-4e86-a302-884d28b720ab}" showlabel="false">
              <labels>
                <label description="" languagecode="1033" />
              </labels>
            </cell>
          </row>
        </rows>
      </footer>
      <Navigation>
        <NavBar></NavBar>
        <NavBarAreas>
          <NavBarArea Id="Info">
            <Titles>
              <Title LCID="1033" Text="Common" />
            </Titles>
          </NavBarArea>
          <NavBarArea Id="Sales">
            <Titles>
              <Title LCID="1033" Text="Sales" />
            </Titles>
          </NavBarArea>
          <NavBarArea Id="Service">
            <Titles>
              <Title LCID="1033" Text="Service" />
            </Titles>
          </NavBarArea>
          <NavBarArea Id="Marketing">
            <Titles>
              <Title LCID="1033" Text="Marketing" />
            </Titles>
          </NavBarArea>
          <NavBarArea Id="ProcessCenter">
            <Titles>
              <Title LCID="1033" Text="Process Sessions" />
            </Titles>
          </NavBarArea>
        </NavBarAreas>
      </Navigation>
      <DisplayConditions Order="0" FallbackForm="true" />
    </form>
    <IsCustomizable>1</IsCustomizable>
    <CanBeDeleted>1</CanBeDeleted>
    <LocalizedNames>
      <LocalizedName description="Information" languagecode="1033" />
    </LocalizedNames>
    <Descriptions>
      <Description description="A form for this entity." languagecode="1033" />
    </Descriptions>
  </systemform>
</forms>