﻿<?xml version="1.0" encoding="utf-8"?>
<savedqueries xmlns:xsi="http://www.w3.org/2001/XMLSchema-instance">
  <savedquery>
    <IsCustomizable>1</IsCustomizable>
    <CanBeDeleted>0</CanBeDeleted>
    <isquickfindquery>0</isquickfindquery>
    <isprivate>0</isprivate>
    <isdefault>1</isdefault>
    <savedqueryid>{28733e5a-3172-40b8-b5d4-a782d9b1c946}</savedqueryid>
    <layoutxml>
      <grid name="mshied_internships" jump="mshied_title" select="1" icon="1" preview="0">
        <row name="mshied_internship" id="mshied_internshipid">
          <cell name="mshied_title" width="300" />
          <cell name="createdon" width="125" />
        </row>
      </grid>
    </layoutxml>
    <querytype>64</querytype>
    <fetchxml>
      <fetch version="1.0" mapping="logical">
        <entity name="mshied_internship">
          <attribute name="mshied_internshipid" />
          <attribute name="mshied_title" />
          <attribute name="createdon" />
          <filter type="and">
            <condition attribute="statecode" operator="eq" value="0" />
          </filter>
        </entity>
      </fetch>
    </fetchxml>
    <IntroducedVersion>1.0.3.8</IntroducedVersion>
    <LocalizedNames>
      <LocalizedName description="Internship Lookup View" languagecode="1033" />
    </LocalizedNames>
  </savedquery>
</savedqueries>