﻿<?xml version="1.0" encoding="utf-8"?>
<savedqueries xmlns:xsi="http://www.w3.org/2001/XMLSchema-instance">
  <savedquery>
    <IsCustomizable>1</IsCustomizable>
    <CanBeDeleted>0</CanBeDeleted>
    <isquickfindquery>0</isquickfindquery>
    <isprivate>0</isprivate>
    <isdefault>1</isdefault>
    <savedqueryid>{61e0af33-abb7-4a26-90f3-71935ab802f7}</savedqueryid>
    <layoutxml>
      <grid name="resultset" jump="mshied_title" select="1" icon="1" preview="1">
        <row name="result" id="mshied_internshipid">
          <cell name="mshied_title" width="300" />
          <cell name="mshied_locationdescription" width="100" />
          <cell name="mshied_businesspartner" width="100" />
          <cell name="mshied_applicationdeadlinedate" width="100" />
          <cell name="statecode" width="100" />
          <cell name="mshied_ispaid" width="100" />
        </row>
      </grid>
    </layoutxml>
    <querytype>0</querytype>
    <fetchxml>
      <fetch version="1.0" mapping="logical">
        <entity name="mshied_internship">
          <attribute name="mshied_internshipid" />
          <attribute name="mshied_title" />
          <order attribute="mshied_title" descending="false" />
          <filter type="and">
            <condition attribute="statecode" operator="eq" value="0" />
          </filter>
          <attribute name="mshied_locationdescription" />
          <attribute name="mshied_businesspartner" />
          <attribute name="mshied_applicationdeadlinedate" />
          <attribute name="statecode" />
          <attribute name="mshied_ispaid" />
        </entity>
      </fetch>
    </fetchxml>
    <IntroducedVersion>1.0.3.8</IntroducedVersion>
    <LocalizedNames>
      <LocalizedName description="Active Internships" languagecode="1033" />
    </LocalizedNames>
  </savedquery>
</savedqueries>