﻿<?xml version="1.0" encoding="utf-8"?>
<savedqueries xmlns:xsi="http://www.w3.org/2001/XMLSchema-instance">
  <savedquery>
    <IsCustomizable>1</IsCustomizable>
    <CanBeDeleted>0</CanBeDeleted>
    <isquickfindquery>0</isquickfindquery>
    <isprivate>0</isprivate>
    <isdefault>1</isdefault>
    <savedqueryid>{e59946d7-b474-4dea-9e1f-8c0a03600424}</savedqueryid>
    <layoutxml>
      <grid name="resultset" jump="mshied_title" select="1" icon="1" preview="1">
        <row name="result" id="mshied_internshipid">
          <cell name="mshied_title" width="300" />
          <cell name="createdon" width="125" />
        </row>
      </grid>
    </layoutxml>
    <querytype>1</querytype>
    <fetchxml>
      <fetch version="1.0" mapping="logical">
        <entity name="mshied_internship">
          <attribute name="mshied_internshipid" />
          <attribute name="mshied_title" />
          <attribute name="createdon" />
          <order attribute="mshied_title" descending="false" />
        </entity>
      </fetch>
    </fetchxml>
    <IntroducedVersion>1.0.3.8</IntroducedVersion>
    <LocalizedNames>
      <LocalizedName description="Internship Advanced Find View" languagecode="1033" />
    </LocalizedNames>
  </savedquery>
</savedqueries>