﻿<?xml version="1.0" encoding="utf-8"?>
<savedqueries xmlns:xsi="http://www.w3.org/2001/XMLSchema-instance">
  <savedquery>
    <isquickfindquery>0</isquickfindquery>
    <isprivate>0</isprivate>
    <isdefault>0</isdefault>
    <savedqueryid>{65ffaf9a-e8c5-432d-860b-32f841b00d87}</savedqueryid>
    <queryapi></queryapi>
    <layoutxml>
      <grid name="resultset" jump="name" select="1" icon="1" preview="1">
        <row name="result" id="accountid">
          <cell name="mshied_accounttype" width="100" />
          <cell name="name" width="300" />
          <cell name="telephone1" width="100" />
          <cell name="address1_city" width="100" />
          <cell name="primarycontactid" width="150" />
          <cell name="accountprimarycontactidcontactcontactid.emailaddress1" width="150" disableSorting="1" />
          <cell name="statecode" width="100" />
        </row>
      </grid>
    </layoutxml>
    <querytype>0</querytype>
    <fetchxml>
      <fetch version="1.0" output-format="xml-platform" mapping="logical">
        <entity name="account">
          <attribute name="name" />
          <attribute name="telephone1" />
          <attribute name="address1_city" />
          <attribute name="primarycontactid" />
          <link-entity alias="accountprimarycontactidcontactcontactid" name="contact" from="contactid" to="primarycontactid" link-type="outer" visible="false">
            <attribute name="emailaddress1" />
          </link-entity>
          <attribute name="statecode" />
          <attribute name="mshied_accounttype" />
          <attribute name="accountid" />
        </entity>
      </fetch>
    </fetchxml>
    <IntroducedVersion>9.0.0.0</IntroducedVersion>
    <LocalizedNames>
      <LocalizedName description="All Institutions" languagecode="1033" />
    </LocalizedNames>
  </savedquery>
</savedqueries>