﻿<?xml version="1.0" encoding="utf-8"?>
<savedqueries xmlns:xsi="http://www.w3.org/2001/XMLSchema-instance">
  <savedquery>
    <IsCustomizable>1</IsCustomizable>
    <CanBeDeleted>1</CanBeDeleted>
    <isquickfindquery>0</isquickfindquery>
    <isprivate>0</isprivate>
    <isdefault>0</isdefault>
    <savedqueryid>{a90d28c6-94cc-e811-a96b-000d3a1c5716}</savedqueryid>
    <layoutxml>
      <grid name="resultset" jump="name" select="1" icon="1" preview="1">
        <row name="result" id="accountid">
          <cell name="mshied_accounttype" width="100" />
          <cell name="name" width="300" />
          <cell name="telephone1" width="100" />
          <cell name="address1_city" width="100" />
          <cell name="primarycontactid" width="150" />
          <cell name="accountprimarycontactidcontactcontactid.emailaddress1" width="150" disableSorting="1" />
        </row>
      </grid>
    </layoutxml>
    <querytype>0</querytype>
    <fetchxml>
      <fetch version="1.0" output-format="xml-platform" mapping="logical" distinct="false">
        <entity name="account">
          <attribute name="name" />
          <attribute name="address1_city" />
          <attribute name="primarycontactid" />
          <attribute name="telephone1" />
          <attribute name="mshied_accounttype" />
          <order attribute="name" descending="false" />
          <filter type="and">
            <condition attribute="statecode" operator="eq" value="0" />
            <condition attribute="mshied_accounttype" operator="eq" value="494280000" />
          </filter>
          <link-entity name="contact" from="contactid" to="primarycontactid" visible="false" link-type="outer" alias="accountprimarycontactidcontactcontactid">
            <attribute name="emailaddress1" />
          </link-entity>
          <attribute name="accountid" />
        </entity>
      </fetch>
    </fetchxml>
    <IntroducedVersion>1.0.0.8</IntroducedVersion>
    <LocalizedNames>
      <LocalizedName description="Active Campuses" languagecode="1033" />
    </LocalizedNames>
  </savedquery>
</savedqueries>