﻿<?xml version="1.0" encoding="utf-8"?>
<savedqueries xmlns:xsi="http://www.w3.org/2001/XMLSchema-instance">
  <savedquery>
    <IsCustomizable>1</IsCustomizable>
    <CanBeDeleted>0</CanBeDeleted>
    <isquickfindquery>0</isquickfindquery>
    <isprivate>0</isprivate>
    <isdefault>1</isdefault>
    <savedqueryid>{07172eb7-3f77-41f6-a045-10a2824e8278}</savedqueryid>
    <layoutxml>
      <grid name="" jump="mshied_name" select="1" icon="1" preview="0">
        <row name="mshied_previouseducation" id="mshied_previouseducationid">
          <cell name="mshied_name" width="200" imageproviderfunctionname="" imageproviderwebresource="$webresource:" />
          <cell name="mshied_studentid" width="100" />
          <cell name="mshied_educationlevelid" width="100" />
          <cell name="mshied_major" width="100" />
          <cell name="mshied_schoolnameid" width="100" />
          <cell name="mshied_degreeid_" width="100" />
        </row>
      </grid>
    </layoutxml>
    <querytype>64</querytype>
    <fetchxml>
      <fetch version="1.0" mapping="logical">
        <entity name="mshied_previouseducation">
          <attribute name="mshied_previouseducationid" />
          <attribute name="mshied_name" />
          <filter type="and">
            <condition attribute="statecode" operator="eq" value="0" />
          </filter>
          <attribute name="mshied_studentid" />
          <attribute name="mshied_schoolnameid" />
          <attribute name="mshied_major" />
          <attribute name="mshied_educationlevelid" />
          <order attribute="mshied_name" descending="false" />
          <attribute name="mshied_degreeid_" />
        </entity>
      </fetch>
    </fetchxml>
    <IntroducedVersion>1.0.0.0</IntroducedVersion>
    <LocalizedNames>
      <LocalizedName description="Previous Education Lookup View" languagecode="1033" />
    </LocalizedNames>
  </savedquery>
</savedqueries>