﻿<?xml version="1.0" encoding="utf-8"?>
<savedqueries xmlns:xsi="http://www.w3.org/2001/XMLSchema-instance">
  <savedquery>
    <IsCustomizable>1</IsCustomizable>
    <CanBeDeleted>0</CanBeDeleted>
    <isquickfindquery>0</isquickfindquery>
    <isprivate>0</isprivate>
    <isdefault>1</isdefault>
    <savedqueryid>{36c1f286-5095-426c-a5aa-7db77b392860}</savedqueryid>
    <layoutxml>
      <grid name="mshied_internshipapplicationflows" jump="bpf_name" select="1" icon="1" preview="1">
        <row name="mshied_internshipapplicationflow" id="businessprocessflowinstanceid">
          <cell name="bpf_mshied_internshipapplicantid" width="300" />
          <cell name="activestageid" width="150" />
          <cell name="statuscode" width="150" />
          <cell name="createdon" width="150" />
          <cell name="processid" width="300" />
        </row>
      </grid>
    </layoutxml>
    <querytype>2</querytype>
    <fetchxml>
      <fetch version="1.0" mapping="logical">
        <entity name="mshied_internshipapplicationflow">
          <attribute name="businessprocessflowinstanceid" />
          <attribute name="bpf_name" />
          <attribute name="createdon" />
          <attribute name="bpf_mshied_internshipapplicantid" />
          <attribute name="activestageid" />
          <attribute name="statecode" />
          <attribute name="createdby" />
          <attribute name="processid" />
          <order attribute="bpf_name" descending="false" />
          <filter type="and">
            <condition attribute="statecode" operator="eq" value="0" />
          </filter>
        </entity>
      </fetch>
    </fetchxml>
    <IntroducedVersion>1.0</IntroducedVersion>
    <LocalizedNames>
      <LocalizedName description="Internship Application Flow Associated View" languagecode="1033" />
    </LocalizedNames>
  </savedquery>
</savedqueries>