﻿<?xml version="1.0" encoding="utf-8"?>
<savedqueries xmlns:xsi="http://www.w3.org/2001/XMLSchema-instance">
  <savedquery>
    <IsCustomizable>1</IsCustomizable>
    <CanBeDeleted>0</CanBeDeleted>
    <isquickfindquery>0</isquickfindquery>
    <isprivate>0</isprivate>
    <isdefault>1</isdefault>
    <savedqueryid>{92108403-8040-4be3-af5e-f051886f46a2}</savedqueryid>
    <layoutxml>
      <grid name="resultset" jump="mshied_name" select="1" icon="1" preview="1">
        <row name="result" id="mshied_academicperioddetailsid">
          <cell name="mshied_name" width="200" imageproviderfunctionname="" imageproviderwebresource="$webresource:" />
          <cell name="mshied_academicperiodid" width="100" />
          <cell name="mshied_attendancetype" width="100" />
          <cell name="mshied_educationlevelid" width="100" />
          <cell name="mshied_programid" width="100" />
          <cell name="mshied_creditload" width="100" />
          <cell name="mshied_isathlete" width="100" />
          <cell name="mshied_isemployed" width="100" />
          <cell name="mshied_employedhoursperweek" width="100" />
          <cell name="mshied_majorcreditearned" width="125" imageproviderfunctionname="" imageproviderwebresource="$webresource:" />
          <cell name="mshied_majorgpa" width="100" />
          <cell name="mshied_midtermdeficiency" width="125" imageproviderfunctionname="" imageproviderwebresource="$webresource:" />
          <cell name="mshied_termcreditsearned" width="125" imageproviderfunctionname="" imageproviderwebresource="$webresource:" />
          <cell name="mshied_termgpa" width="100" />
        </row>
      </grid>
    </layoutxml>
    <querytype>0</querytype>
    <fetchxml>
      <fetch version="1.0" mapping="logical">
        <entity name="mshied_academicperioddetails">
          <attribute name="mshied_name" />
          <order attribute="mshied_name" descending="false" />
          <filter type="and">
            <condition attribute="statecode" operator="eq" value="0" />
          </filter>
          <attribute name="mshied_programid" />
          <attribute name="mshied_educationlevelid" />
          <attribute name="mshied_attendancetype" />
          <attribute name="mshied_academicperiodid" />
          <attribute name="mshied_termgpa" />
          <attribute name="mshied_termcreditsearned" />
          <attribute name="mshied_midtermdeficiency" />
          <attribute name="mshied_majorgpa" />
          <attribute name="mshied_majorcreditearned" />
          <attribute name="mshied_employedhoursperweek" />
          <attribute name="mshied_creditload" />
          <attribute name="mshied_isemployed" />
          <attribute name="mshied_isathlete" />
          <attribute name="mshied_academicperioddetailsid" />
        </entity>
      </fetch>
    </fetchxml>
    <IntroducedVersion>1.0.0.0</IntroducedVersion>
    <LocalizedNames>
      <LocalizedName description="Active Academic Period Details" languagecode="1033" />
    </LocalizedNames>
  </savedquery>
</savedqueries>