﻿<?xml version="1.0" encoding="utf-8"?>
<savedqueries xmlns:xsi="http://www.w3.org/2001/XMLSchema-instance">
  <savedquery>
    <IsCustomizable>1</IsCustomizable>
    <CanBeDeleted>0</CanBeDeleted>
    <isquickfindquery>0</isquickfindquery>
    <isprivate>0</isprivate>
    <isdefault>0</isdefault>
    <savedqueryid>{d637d1cd-519c-4b60-a592-04c8a0cd4e4c}</savedqueryid>
    <layoutxml>
      <grid name="resultset" jump="mshied_name" select="1" icon="1" preview="1">
        <row name="result" id="mshied_academicperioddetailsid">
          <cell name="mshied_name" width="200" imageproviderfunctionname="" imageproviderwebresource="$webresource:" />
          <cell name="mshied_academicperiodid" width="100" />
          <cell name="mshied_studentid" width="100" />
          <cell name="mshied_attendancetype" width="100" />
          <cell name="mshied_educationlevelid" width="100" />
          <cell name="mshied_programid" width="100" />
        </row>
      </grid>
    </layoutxml>
    <querytype>0</querytype>
    <fetchxml>
      <fetch version="1.0" mapping="logical">
        <entity name="mshied_academicperioddetails">
          <attribute name="mshied_academicperioddetailsid" />
          <attribute name="mshied_name" />
          <filter type="and">
            <condition attribute="statecode" operator="eq" value="1" />
          </filter>
          <attribute name="mshied_studentid" />
          <attribute name="mshied_programid" />
          <attribute name="mshied_educationlevelid" />
          <attribute name="mshied_attendancetype" />
          <attribute name="mshied_academicperiodid" />
          <order attribute="mshied_name" descending="false" />
        </entity>
      </fetch>
    </fetchxml>
    <IntroducedVersion>1.0.0.0</IntroducedVersion>
    <LocalizedNames>
      <LocalizedName description="Inactive Academic Period Details" languagecode="1033" />
    </LocalizedNames>
  </savedquery>
</savedqueries>