﻿<?xml version="1.0" encoding="utf-8"?>
<forms xmlns:xsi="http://www.w3.org/2001/XMLSchema-instance">
  <systemform>
    <formid>{1bc26617-6e30-465a-b532-4444b3e067dd}</formid>
    <IntroducedVersion>1.0.0.0</IntroducedVersion>
    <FormPresentation>1</FormPresentation>
    <FormActivationState>1</FormActivationState>
    <form shownavigationbar="true" showImage="false" maxWidth="1920">
      <tabs>
        <tab verticallayout="true" id="{025fdaf1-b864-4ee0-a458-bb0b59cbecd1}" IsUserDefined="1">
          <labels>
            <label description="General" languagecode="1033" />
          </labels>
          <columns>
            <column width="100%">
              <sections>
                <section showlabel="false" showbar="false" IsUserDefined="0" id="{b19b95fc-a47f-47be-9df7-0c403c1fc714}">
                  <labels>
                    <label description="General" languagecode="1033" />
                  </labels>
                  <rows>
                    <row>
                      <cell id="{b2fd27fc-94c0-4814-975b-3224bf34b988}">
                        <labels>
                          <label description="Academic Period Name" languagecode="1033" />
                        </labels>
                        <control id="mshied_name" classid="{4273EDBD-AC1D-40d3-9FB2-095C621B552D}" datafieldname="mshied_name" />
                      </cell>
                    </row>
                    <row>
                      <cell id="{c8aca554-0f44-403e-8ed6-92005918c413}">
                        <labels>
                          <label description="Owner" languagecode="1033" />
                        </labels>
                        <control id="ownerid" classid="{270BD3DB-D9AF-4782-9025-509E298DEC0A}" datafieldname="ownerid" />
                      </cell>
                    </row>
                    <row>
                      <cell id="{13692243-bba2-8423-a7b0-be7489d16eb5}" showlabel="true" locklevel="0">
                        <labels>
                          <label description="Code" languagecode="1033" />
                        </labels>
                        <control id="mshied_code" classid="{4273EDBD-AC1D-40d3-9FB2-095C621B552D}" datafieldname="mshied_code" disabled="false" />
                      </cell>
                    </row>
                    <row>
                      <cell id="{96d1acd9-9c3b-3b56-0739-80bb31abace9}" showlabel="true" locklevel="0">
                        <labels>
                          <label description="Start Date" languagecode="1033" />
                        </labels>
                        <control id="mshied_startdate" classid="{5B773807-9FB2-42db-97C3-7A91EFF8ADFF}" datafieldname="mshied_startdate" disabled="false" />
                      </cell>
                    </row>
                    <row>
                      <cell id="{116c6d01-d0bc-e940-4476-116a708e4e5a}" showlabel="true" locklevel="0">
                        <labels>
                          <label description="End Date" languagecode="1033" />
                        </labels>
                        <control id="mshied_enddate" classid="{5B773807-9FB2-42db-97C3-7A91EFF8ADFF}" datafieldname="mshied_enddate" disabled="false" />
                      </cell>
                    </row>
                  </rows>
                </section>
              </sections>
            </column>
          </columns>
        </tab>
        <tab name="ExternalInformation" id="{22a23e5e-6895-7412-cc77-8151babc58b7}" IsUserDefined="0" locklevel="0" showlabel="true" expanded="true">
          <labels>
            <label description="External Information" languagecode="1033" />
          </labels>
          <columns>
            <column width="100%">
              <sections>
                <section name="tab_2_section_1" showlabel="false" showbar="false" locklevel="0" id="{d30c44a8-5782-386d-eb94-e1ce7889a35b}" IsUserDefined="0" layout="varwidth" columns="1" labelwidth="115">
                  <labels>
                    <label description="Section" languagecode="1033" />
                  </labels>
                  <rows>
                    <row>
                      <cell id="{a6818875-a317-e9a4-eba7-53b3965a9acb}" showlabel="true" locklevel="0">
                        <labels>
                          <label description="External Identifier" languagecode="1033" />
                        </labels>
                        <control id="mshied_externalidentifier" classid="{4273EDBD-AC1D-40d3-9FB2-095C621B552D}" datafieldname="mshied_externalidentifier" disabled="false" />
                      </cell>
                    </row>
                    <row>
                      <cell id="{5d73e49d-8d89-a680-929a-c997c62eb248}" showlabel="true" locklevel="0">
                        <labels>
                          <label description="External Source System" languagecode="1033" />
                        </labels>
                        <control id="mshied_externalsourcesystem" classid="{3EF39988-22BB-4f0b-BBBE-64B5A3748AEE}" datafieldname="mshied_externalsourcesystem" disabled="false" />
                      </cell>
                    </row>
                  </rows>
                </section>
              </sections>
            </column>
          </columns>
        </tab>
      </tabs>
      <Navigation>
        <NavBar></NavBar>
        <NavBarAreas>
          <NavBarArea Id="Info">
            <Titles>
              <Title LCID="1033" Text="Common" />
            </Titles>
          </NavBarArea>
          <NavBarArea Id="Sales">
            <Titles>
              <Title LCID="1033" Text="Sales" />
            </Titles>
          </NavBarArea>
          <NavBarArea Id="Service">
            <Titles>
              <Title LCID="1033" Text="Service" />
            </Titles>
          </NavBarArea>
          <NavBarArea Id="Marketing">
            <Titles>
              <Title LCID="1033" Text="Marketing" />
            </Titles>
          </NavBarArea>
          <NavBarArea Id="ProcessCenter">
            <Titles>
              <Title LCID="1033" Text="Process Sessions" />
            </Titles>
          </NavBarArea>
        </NavBarAreas>
      </Navigation>
    </form>
    <IsCustomizable>1</IsCustomizable>
    <CanBeDeleted>1</CanBeDeleted>
    <LocalizedNames>
      <LocalizedName description="Higher Education Academic Period Form" languagecode="1033" />
    </LocalizedNames>
    <Descriptions>
      <Description description="Higher Education Academic Period Form" languagecode="1033" />
    </Descriptions>
  </systemform>
</forms>