﻿<?xml version="1.0" encoding="utf-8"?>
<savedqueries xmlns:xsi="http://www.w3.org/2001/XMLSchema-instance">
  <savedquery>
    <IsCustomizable>1</IsCustomizable>
    <CanBeDeleted>0</CanBeDeleted>
    <isquickfindquery>0</isquickfindquery>
    <isprivate>0</isprivate>
    <isdefault>1</isdefault>
    <savedqueryid>{ca114503-3777-4332-a552-d880dd700082}</savedqueryid>
    <layoutxml>
      <grid name="mshied_grants" jump="mshied_name" select="1" icon="1" preview="1">
        <row name="mshied_grant" id="mshied_grantid">
          <cell name="mshied_name" width="300" />
          <cell name="createdon" width="125" />
        </row>
      </grid>
    </layoutxml>
    <querytype>2</querytype>
    <fetchxml>
      <fetch version="1.0" mapping="logical">
        <entity name="mshied_grant">
          <attribute name="mshied_grantid" />
          <attribute name="mshied_name" />
          <attribute name="createdon" />
          <order attribute="mshied_name" descending="false" />
          <filter type="and">
            <condition attribute="statecode" operator="eq" value="0" />
          </filter>
        </entity>
      </fetch>
    </fetchxml>
    <IntroducedVersion>1.0.3.8</IntroducedVersion>
    <LocalizedNames>
      <LocalizedName description="Grant Associated View" languagecode="1033" />
    </LocalizedNames>
  </savedquery>
</savedqueries>