﻿<?xml version="1.0" encoding="utf-8"?>
<forms xmlns:xsi="http://www.w3.org/2001/XMLSchema-instance">
  <systemform>
    <formid>{61ed2451-fa90-4529-8d49-39c9bf6cc92b}</formid>
    <IntroducedVersion>1.0.0.0</IntroducedVersion>
    <FormPresentation>1</FormPresentation>
    <FormActivationState>1</FormActivationState>
    <form shownavigationbar="true" showImage="false" maxWidth="1920">
      <tabs>
        <tab verticallayout="true" id="{ba78389a-367b-4ec1-89d6-f87c67ee948c}" IsUserDefined="1">
          <labels>
            <label description="General" languagecode="1033" />
          </labels>
          <columns>
            <column width="100%">
              <sections>
                <section showlabel="false" showbar="false" IsUserDefined="0" id="{1bcb386b-65e9-45ed-8562-0c1ca73faf4a}">
                  <labels>
                    <label description="General" languagecode="1033" />
                  </labels>
                  <rows>
                    <row>
                      <cell id="{19a3dd9b-ae07-4d7b-a921-395a5e7858c2}">
                        <labels>
                          <label description="Program Version Detail Name" languagecode="1033" />
                        </labels>
                        <control id="mshied_name" classid="{4273EDBD-AC1D-40d3-9FB2-095C621B552D}" datafieldname="mshied_name" />
                      </cell>
                    </row>
                    <row>
                      <cell id="{a0ddd3e0-2c99-48c9-96d3-95e2eac57787}">
                        <labels>
                          <label description="Owner" languagecode="1033" />
                        </labels>
                        <control id="ownerid" classid="{270BD3DB-D9AF-4782-9025-509E298DEC0A}" datafieldname="ownerid" />
                      </cell>
                    </row>
                    <row>
                      <cell id="{dae0d842-e6d6-48dd-d4dc-c74a6b76236d}" showlabel="true" locklevel="0">
                        <labels>
                          <label description="Code" languagecode="1033" />
                        </labels>
                        <control id="mshied_code" classid="{4273EDBD-AC1D-40d3-9FB2-095C621B552D}" datafieldname="mshied_code" disabled="false" />
                      </cell>
                    </row>
                  </rows>
                </section>
              </sections>
            </column>
          </columns>
        </tab>
        <tab name="Details" id="{3d704799-2a06-ebc7-3ceb-55bec4d82b1a}" IsUserDefined="0" locklevel="0" showlabel="true" expanded="true">
          <labels>
            <label description="Details" languagecode="1033" />
          </labels>
          <columns>
            <column width="50%">
              <sections>
                <section name="tab_2_section_1" showlabel="false" showbar="false" locklevel="0" id="{14888948-b793-4ab1-4d92-b94b000479ce}" IsUserDefined="0" layout="varwidth" columns="1" labelwidth="115">
                  <labels>
                    <label description="Section" languagecode="1033" />
                  </labels>
                  <rows>
                    <row>
                      <cell id="{401c02ee-9be2-5351-abb7-2aa17b6b7240}" showlabel="true" locklevel="0">
                        <labels>
                          <label description="Start Date" languagecode="1033" />
                        </labels>
                        <control id="mshied_startdate" classid="{5B773807-9FB2-42db-97C3-7A91EFF8ADFF}" datafieldname="mshied_startdate" disabled="false" />
                      </cell>
                    </row>
                    <row>
                      <cell id="{27bd8ad9-05ad-0e6d-351a-75d3b6d4ea81}" showlabel="true" locklevel="0">
                        <labels>
                          <label description="Midpoint Date" languagecode="1033" />
                        </labels>
                        <control id="mshied_midpointdate" classid="{5B773807-9FB2-42db-97C3-7A91EFF8ADFF}" datafieldname="mshied_midpointdate" disabled="false" />
                      </cell>
                    </row>
                    <row>
                      <cell id="{53cedd84-0054-2d64-abb5-81a163009bec}" showlabel="true" locklevel="0">
                        <labels>
                          <label description="Expected Graduation Date" languagecode="1033" />
                        </labels>
                        <control id="mshied_expectedgraduationdate" classid="{5B773807-9FB2-42db-97C3-7A91EFF8ADFF}" datafieldname="mshied_expectedgraduationdate" disabled="false" />
                      </cell>
                    </row>
                  </rows>
                </section>
              </sections>
            </column>
            <column width="50%">
              <sections>
                <section name="tab_2_section_2" showlabel="false" showbar="false" locklevel="0" id="{8b91c288-94c5-08bd-c8c5-64ee1d9c420d}" IsUserDefined="0" layout="varwidth" columns="1" labelwidth="115">
                  <labels>
                    <label description="Section" languagecode="1033" />
                  </labels>
                  <rows>
                    <row>
                      <cell id="{acdd1d1e-7cab-133c-379d-4773a2930483}" showlabel="true" locklevel="0">
                        <labels>
                          <label description="Must Graduate Before" languagecode="1033" />
                        </labels>
                        <control id="mshied_mustgraduatebefore" classid="{5B773807-9FB2-42db-97C3-7A91EFF8ADFF}" datafieldname="mshied_mustgraduatebefore" disabled="false" />
                      </cell>
                    </row>
                    <row>
                      <cell id="{84c96928-5190-b358-0537-39ab5a57a88e}" showlabel="true" locklevel="0">
                        <labels>
                          <label description="Program Version" languagecode="1033" />
                        </labels>
                        <control id="mshied_programversionid" classid="{270BD3DB-D9AF-4782-9025-509E298DEC0A}" datafieldname="mshied_programversionid" disabled="false" />
                      </cell>
                    </row>
                  </rows>
                </section>
              </sections>
            </column>
          </columns>
        </tab>
        <tab name="ExternalInformation" id="{6b204e74-4185-d12d-9023-9329400c928c}" IsUserDefined="0" locklevel="0" showlabel="true" expanded="true">
          <labels>
            <label description="External Information" languagecode="1033" />
          </labels>
          <columns>
            <column width="100%">
              <sections>
                <section name="tab_3_section_1" showlabel="false" showbar="false" locklevel="0" id="{bbba58dd-d3c5-2c71-04c5-5dd4794368d7}" IsUserDefined="0" layout="varwidth" columns="1" labelwidth="115">
                  <labels>
                    <label description="Section" languagecode="1033" />
                  </labels>
                  <rows>
                    <row>
                      <cell id="{2b33ee84-0c49-b6e5-ad45-479851635d15}" showlabel="true" locklevel="0">
                        <labels>
                          <label description="External Identifier" languagecode="1033" />
                        </labels>
                        <control id="mshied_externalidentifier" classid="{4273EDBD-AC1D-40d3-9FB2-095C621B552D}" datafieldname="mshied_externalidentifier" disabled="false" />
                      </cell>
                    </row>
                    <row>
                      <cell id="{ecc3c055-9dd1-eb79-70e8-2d72cdda7525}" showlabel="true" locklevel="0">
                        <labels>
                          <label description="External Source System" languagecode="1033" />
                        </labels>
                        <control id="mshied_externalsourcesystem" classid="{3EF39988-22BB-4f0b-BBBE-64B5A3748AEE}" datafieldname="mshied_externalsourcesystem" disabled="false" />
                      </cell>
                    </row>
                  </rows>
                </section>
              </sections>
            </column>
          </columns>
        </tab>
      </tabs>
      <Navigation>
        <NavBar></NavBar>
        <NavBarAreas>
          <NavBarArea Id="Info">
            <Titles>
              <Title LCID="1033" Text="Common" />
            </Titles>
          </NavBarArea>
          <NavBarArea Id="Sales">
            <Titles>
              <Title LCID="1033" Text="Sales" />
            </Titles>
          </NavBarArea>
          <NavBarArea Id="Service">
            <Titles>
              <Title LCID="1033" Text="Service" />
            </Titles>
          </NavBarArea>
          <NavBarArea Id="Marketing">
            <Titles>
              <Title LCID="1033" Text="Marketing" />
            </Titles>
          </NavBarArea>
          <NavBarArea Id="ProcessCenter">
            <Titles>
              <Title LCID="1033" Text="Process Sessions" />
            </Titles>
          </NavBarArea>
        </NavBarAreas>
      </Navigation>
    </form>
    <IsCustomizable>1</IsCustomizable>
    <CanBeDeleted>1</CanBeDeleted>
    <LocalizedNames>
      <LocalizedName description="Higher Education Program Version Details Form" languagecode="1033" />
    </LocalizedNames>
    <Descriptions>
      <Description description="Higher Education Program Version Details Form" languagecode="1033" />
    </Descriptions>
  </systemform>
</forms>