﻿<?xml version="1.0" encoding="utf-8"?>
<forms xmlns:xsi="http://www.w3.org/2001/XMLSchema-instance">
  <systemform>
    <formid>{9ab53dd7-c046-4dbc-98a6-f093d2801ce2}</formid>
    <IntroducedVersion>1.0.0.0</IntroducedVersion>
    <FormPresentation>1</FormPresentation>
    <FormActivationState>1</FormActivationState>
    <form>
      <tabs>
        <tab verticallayout="true" id="{20724084-f49b-458a-ab6f-aaf41114453e}" IsUserDefined="1">
          <labels>
            <label description="" languagecode="1033" />
          </labels>
          <columns>
            <column width="100%">
              <sections>
                <section showlabel="false" showbar="false" IsUserDefined="0" id="{b96139d2-b7ec-4a5c-8bed-604b4bc0325e}">
                  <labels>
                    <label description="GENERAL" languagecode="1033" />
                  </labels>
                  <rows>
                    <row>
                      <cell id="{c7d616b2-7c5b-46b2-8123-6ddb7a3e2fc6}">
                        <labels>
                          <label description="Course Name" languagecode="1033" />
                        </labels>
                        <control id="mshied_name" classid="{4273EDBD-AC1D-40d3-9FB2-095C621B552D}" datafieldname="mshied_name" />
                      </cell>
                    </row>
                    <row>
                      <cell id="{cb61cbbf-0b0e-4d6d-88be-a73ed1426d59}">
                        <labels>
                          <label description="Owner" languagecode="1033" />
                        </labels>
                        <control id="ownerid" classid="{270BD3DB-D9AF-4782-9025-509E298DEC0A}" datafieldname="ownerid" />
                      </cell>
                    </row>
                  </rows>
                </section>
              </sections>
            </column>
          </columns>
        </tab>
      </tabs>
    </form>
    <IsCustomizable>1</IsCustomizable>
    <CanBeDeleted>1</CanBeDeleted>
    <LocalizedNames>
      <LocalizedName description="Information" languagecode="1033" />
    </LocalizedNames>
  </systemform>
</forms>