﻿<?xml version="1.0" encoding="utf-8"?>
<forms xmlns:xsi="http://www.w3.org/2001/XMLSchema-instance">
  <systemform>
    <formid>{9885d071-f553-44d7-b477-56568f7068d3}</formid>
    <IntroducedVersion>1.0.0.0</IntroducedVersion>
    <FormPresentation>1</FormPresentation>
    <FormActivationState>1</FormActivationState>
    <form>
      <tabs>
        <tab verticallayout="true" id="{30055a35-4815-4704-8ca6-51e986c68fec}" IsUserDefined="1">
          <labels>
            <label description="" languagecode="1033" />
          </labels>
          <columns>
            <column width="100%">
              <sections>
                <section showlabel="false" showbar="false" IsUserDefined="0" id="{9b7b890d-b664-4153-a001-9a6f9cf828ac}">
                  <labels>
                    <label description="GENERAL" languagecode="1033" />
                  </labels>
                  <rows>
                    <row>
                      <cell id="{44c972b5-027b-4296-8a08-ba32271da1a7}">
                        <labels>
                          <label description="Extra Curricular Activity Name" languagecode="1033" />
                        </labels>
                        <control id="mshied_name" classid="{4273EDBD-AC1D-40d3-9FB2-095C621B552D}" datafieldname="mshied_name" />
                      </cell>
                    </row>
                    <row>
                      <cell id="{91f24fe7-f3ad-483e-b50c-f032d356ed2b}">
                        <labels>
                          <label description="Owner" languagecode="1033" />
                        </labels>
                        <control id="ownerid" classid="{270BD3DB-D9AF-4782-9025-509E298DEC0A}" datafieldname="ownerid" />
                      </cell>
                    </row>
                  </rows>
                </section>
              </sections>
            </column>
          </columns>
        </tab>
      </tabs>
    </form>
    <IsCustomizable>1</IsCustomizable>
    <CanBeDeleted>1</CanBeDeleted>
    <LocalizedNames>
      <LocalizedName description="Information" languagecode="1033" />
    </LocalizedNames>
  </systemform>
</forms>