﻿<?xml version="1.0" encoding="utf-8"?>
<savedqueries xmlns:xsi="http://www.w3.org/2001/XMLSchema-instance">
  <savedquery>
    <IsCustomizable>1</IsCustomizable>
    <CanBeDeleted>0</CanBeDeleted>
    <isquickfindquery>0</isquickfindquery>
    <isprivate>0</isprivate>
    <isdefault>1</isdefault>
    <savedqueryid>{aa1fe40d-8bad-4a72-97d4-14cec4dc780f}</savedqueryid>
    <layoutxml>
      <grid name="" jump="mshied_name" select="1" icon="1" preview="0">
        <row name="mshied_extracurricularactivities" id="mshied_extracurricularactivitiesid">
          <cell name="mshied_name" width="200" imageproviderfunctionname="" imageproviderwebresource="$webresource:" />
          <cell name="mshied_primarycontactid" width="100" />
          <cell name="mshied_primarypurpose" width="100" />
          <cell name="mshied_schoolid" width="100" />
          <cell name="mshied_code" width="100" />
        </row>
      </grid>
    </layoutxml>
    <querytype>64</querytype>
    <fetchxml>
      <fetch version="1.0" mapping="logical">
        <entity name="mshied_extracurricularactivities">
          <attribute name="mshied_extracurricularactivitiesid" />
          <attribute name="mshied_name" />
          <filter type="and">
            <condition attribute="statecode" operator="eq" value="0" />
          </filter>
          <attribute name="mshied_schoolid" />
          <attribute name="mshied_primarypurpose" />
          <attribute name="mshied_primarycontactid" />
          <attribute name="mshied_code" />
          <order attribute="mshied_name" descending="false" />
        </entity>
      </fetch>
    </fetchxml>
    <IntroducedVersion>1.0.0.0</IntroducedVersion>
    <LocalizedNames>
      <LocalizedName description="Extra Curricular Activity Lookup View" languagecode="1033" />
    </LocalizedNames>
  </savedquery>
</savedqueries>