﻿<?xml version="1.0" encoding="utf-8"?>
<forms xmlns:xsi="http://www.w3.org/2001/XMLSchema-instance">
  <systemform>
    <formid>{d3ee6982-e236-4ec4-922a-48105dc85838}</formid>
    <IntroducedVersion>1.0.0.0</IntroducedVersion>
    <FormPresentation>1</FormPresentation>
    <FormActivationState>1</FormActivationState>
    <form showImage="true" shownavigationbar="true" maxWidth="1920">
      <ancestor id="{8448b78f-8f42-454e-8e2a-f8196b0419af}" />
      <hiddencontrols>
        <data id="address1_addressid" datafieldname="address1_addressid" classid="{5546E6CD-394C-4bee-94A8-4425E17EF6C6}" />
        <data id="address2_addressid" datafieldname="address2_addressid" classid="{5546E6CD-394C-4bee-94A8-4425E17EF6C6}" />
      </hiddencontrols>
      <tabs>
        <tab name="General" id="{db114ba2-0cd1-6044-98a3-e62bb392ae24}" IsUserDefined="0" locklevel="0" showlabel="true" expanded="true" labelid="{5b78f1eb-9420-43fc-a22a-895c381a4a6e}">
          <labels>
            <label description="General" languagecode="1033" />
          </labels>
          <columns>
            <column width="50%">
              <sections>
                <section name="ACCOUNT_INFORMATION" showlabel="true" showbar="false" id="{0eb92e6c-bcb8-0d52-a188-d81543ddb7cd}" IsUserDefined="0" layout="varwidth" columns="1" labelwidth="115" celllabelposition="Left" labelid="{22256dab-bfec-4bad-8901-995a30f8ba7b}">
                  <labels>
                    <label description="ACCOUNT INFORMATION" languagecode="1033" />
                  </labels>
                  <rows>
                    <row>
                      <cell id="{b0e82a7e-5683-d90c-308a-0d779377ea8a}" showlabel="true" labelid="{2a5eb968-89ee-431e-a85a-3314eb533ac8}">
                        <labels>
                          <label description="Account Name" languagecode="1033" />
                        </labels>
                        <control id="name" classid="{4273EDBD-AC1D-40d3-9FB2-095C621B552D}" datafieldname="name" disabled="false" />
                      </cell>
                    </row>
                    <row>
                      <cell id="{421b8d27-05d6-09b7-cea3-08ed9421ccb6}" showlabel="true" locklevel="0" labelid="{411a0265-3651-4c8f-b4a8-a68ed474455c}">
                        <labels>
                          <label description="Account Type" languagecode="1033" />
                        </labels>
                        <control id="mshied_accounttype" classid="{3EF39988-22BB-4f0b-BBBE-64B5A3748AEE}" datafieldname="mshied_accounttype" disabled="false" />
                      </cell>
                    </row>
                    <row>
                      <cell id="{3441a91e-47c5-672c-7a20-902d6baa9036}" showlabel="true" labelid="{4ffc2419-cccc-4412-a856-0767c4a467eb}">
                        <labels>
                          <label description="Phone" languagecode="1033" />
                        </labels>
                        <control id="telephone1" classid="{4273EDBD-AC1D-40d3-9FB2-095C621B552D}" datafieldname="telephone1" disabled="false" />
                      </cell>
                    </row>
                    <row>
                      <cell id="{8b98a55e-a345-b20e-d46e-801e79d5c1c1}" showlabel="true" labelid="{aeb5307e-9791-4aaa-b7c6-636fc9de6da5}">
                        <labels>
                          <label description="Fax" languagecode="1033" />
                        </labels>
                        <control id="fax" classid="{4273EDBD-AC1D-40d3-9FB2-095C621B552D}" datafieldname="fax" disabled="false" />
                      </cell>
                    </row>
                    <row>
                      <cell id="{e6441984-4343-813a-aa7e-e2747ad35390}" showlabel="true" labelid="{2a7af718-e6ad-4cbe-a6d6-52d0bcb71bf4}">
                        <labels>
                          <label description="Website" languagecode="1033" />
                        </labels>
                        <control id="websiteurl" classid="{71716B6C-711E-476c-8AB8-5D11542BFB47}" datafieldname="websiteurl" disabled="false" />
                      </cell>
                    </row>
                    <row>
                      <cell id="{c57b877c-0d9b-67a9-40a2-8746444e6a01}" showlabel="true" locklevel="0" labelid="{0d066cbc-0241-466d-8d42-96ebba93a872}">
                        <labels>
                          <label description="# of Contacts" languagecode="1033" />
                        </labels>
                        <control id="mshied_numberofcontacts" classid="{C6D124CA-7EDA-4a60-AEA9-7FB8D318B68F}" datafieldname="mshied_numberofcontacts" disabled="false" />
                      </cell>
                    </row>
                  </rows>
                </section>
                <section name="ADDRESS" showlabel="true" locklevel="0" showbar="false" id="{cc0fe06e-4b5f-4648-A62d-84d1514e1fc5}" IsUserDefined="0" layout="varwidth" columns="1" labelwidth="115" celllabelposition="Left" labelid="{c48bcb3c-2d09-411a-9ab3-1e8ef32f5aad}">
                  <labels>
                    <label description="ADDRESS" languagecode="1033" />
                  </labels>
                  <rows>
                    <row>
                      <cell id="{4913500e-605a-809b-e99e-69e2710d09bd}" showlabel="false" locklevel="0" labelid="{a4127587-866d-4252-8878-cea7a69c5262}">
                        <labels>
                          <label description="Address 1" languagecode="1033" />
                        </labels>
                        <control id="address1_composite" classid="{E0DECE4B-6FC8-4a8f-A065-082708572369}" datafieldname="address1_composite" disabled="false" />
                      </cell>
                    </row>
                  </rows>
                </section>
              </sections>
            </column>
            <column width="50%">
              <sections>
                <section name="SUMMARY_TAB_section_6" showlabel="false" showbar="false" locklevel="0" id="{d4c3ee9c-ba71-5cdb-31be-2aa505750472}" IsUserDefined="0" layout="varwidth" columns="1" labelwidth="115" celllabelalignment="Left" celllabelposition="Top" labelid="{7bf0a90e-758c-4f78-8dff-6ee4ec95a713}">
                  <labels>
                    <label description="Section" languagecode="1033" />
                  </labels>
                  <rows>
                    <row>
                      <cell id="{8e24c7e3-6a40-5abb-eadb-254eba5478e2}" showlabel="true" colspan="1" auto="false" rowspan="7" labelid="{0b2061a8-b042-4c39-b371-dae818c5ac95}">
                        <labels>
                          <label description="CONTACTS" languagecode="1033" />
                        </labels>
                        <control id="Contacts" classid="{E7A81278-8635-4d9e-8D4D-59480B391C5B}">
                          <parameters>
                            <ViewId>{73BC2D9B-4E0E-424C-8839-ED59D6817E3A}</ViewId>
                            <IsUserView>false</IsUserView>
                            <RelationshipName>contact_customer_accounts</RelationshipName>
                            <TargetEntityType>contact</TargetEntityType>
                            <AutoExpand>Auto</AutoExpand>
                            <EnableQuickFind>false</EnableQuickFind>
                            <EnableViewPicker>false</EnableViewPicker>
                            <ViewIds />
                            <EnableJumpBar>false</EnableJumpBar>
                            <ChartGridMode>Grid</ChartGridMode>
                            <VisualizationId />
                            <IsUserChart>false</IsUserChart>
                            <EnableChartPicker>false</EnableChartPicker>
                            <RecordsPerPage>6</RecordsPerPage>
                          </parameters>
                        </control>
                      </cell>
                    </row>
                    <row />
                    <row />
                    <row />
                    <row />
                    <row />
                    <row />
                  </rows>
                </section>
              </sections>
            </column>
          </columns>
        </tab>
        <tab name="tab_3" id="{06534775-e358-7ec8-7dd3-a03b133975bd}" IsUserDefined="0" locklevel="0" showlabel="true" expanded="true">
          <labels>
            <label description="Internships" languagecode="1033" />
          </labels>
          <columns>
            <column width="100%">
              <sections>
                <section name="tab_3_section_1" showlabel="false" showbar="false" locklevel="0" id="{062ac935-69b7-57b5-8634-2b529194516b}" IsUserDefined="0" layout="varwidth" columns="1" labelwidth="115" celllabelalignment="Left" celllabelposition="Left">
                  <labels>
                    <label description="Internships" languagecode="1033" />
                  </labels>
                  <rows>
                    <row>
                      <cell id="{7c71b2cb-74a1-9b90-154a-05ad7a4aed05}" showlabel="false" colspan="1" auto="false" rowspan="6">
                        <labels>
                          <label description="Internships (Business Partner)" languagecode="1033" />
                        </labels>
                        <control id="Internships" classid="{E7A81278-8635-4d9e-8D4D-59480B391C5B}" indicationOfSubgrid="true">
                          <parameters>
                            <ViewId>{61E0AF33-ABB7-4A26-90F3-71935AB802F7}</ViewId>
                            <IsUserView>false</IsUserView>
                            <RelationshipName>mshied_Internship_BusinessPartner_Account</RelationshipName>
                            <TargetEntityType>mshied_internship</TargetEntityType>
                            <AutoExpand>Fixed</AutoExpand>
                            <EnableQuickFind>false</EnableQuickFind>
                            <EnableViewPicker>false</EnableViewPicker>
                            <ViewIds>{61E0AF33-ABB7-4A26-90F3-71935AB802F7}</ViewIds>
                            <EnableJumpBar>false</EnableJumpBar>
                            <ChartGridMode>Grid</ChartGridMode>
                            <VisualizationId />
                            <IsUserChart>false</IsUserChart>
                            <EnableChartPicker>false</EnableChartPicker>
                            <RecordsPerPage>4</RecordsPerPage>
                            <HeaderColorCode>#F3F3F3</HeaderColorCode>
                          </parameters>
                        </control>
                      </cell>
                    </row>
                    <row />
                    <row />
                    <row />
                    <row />
                    <row />
                  </rows>
                </section>
              </sections>
            </column>
          </columns>
        </tab>
        <tab name="tab_4" id="{9a953e36-e546-aed6-0bbc-96d6bbae120e}" IsUserDefined="0" locklevel="0" showlabel="true" expanded="true">
          <labels>
            <label description="Scholarships" languagecode="1033" />
          </labels>
          <columns>
            <column width="100%">
              <sections>
                <section name="tab_4_section_1" showlabel="false" showbar="false" locklevel="0" id="{1764c46b-41d8-c572-2e57-9b3a18407b5e}" IsUserDefined="0" layout="varwidth" columns="1" labelwidth="115" celllabelalignment="Left" celllabelposition="Left">
                  <labels>
                    <label description="Scholarships" languagecode="1033" />
                  </labels>
                  <rows>
                    <row>
                      <cell id="{db8c0636-1a62-c4dc-0431-036aa5a919a4}" showlabel="false" colspan="1" auto="false" rowspan="6">
                        <labels>
                          <label description="Scholarships (Business Partner)" languagecode="1033" />
                        </labels>
                        <control id="Scholarships" classid="{E7A81278-8635-4d9e-8D4D-59480B391C5B}" indicationOfSubgrid="true">
                          <parameters>
                            <ViewId>{EA45A19D-1BDF-4782-98D2-975C5D97817D}</ViewId>
                            <IsUserView>false</IsUserView>
                            <RelationshipName>mshied_Scholarship_BusinessPartner_Account</RelationshipName>
                            <TargetEntityType>mshied_scholarship</TargetEntityType>
                            <AutoExpand>Fixed</AutoExpand>
                            <EnableQuickFind>false</EnableQuickFind>
                            <EnableViewPicker>false</EnableViewPicker>
                            <ViewIds>{EA45A19D-1BDF-4782-98D2-975C5D97817D}</ViewIds>
                            <EnableJumpBar>false</EnableJumpBar>
                            <ChartGridMode>Grid</ChartGridMode>
                            <VisualizationId />
                            <IsUserChart>false</IsUserChart>
                            <EnableChartPicker>false</EnableChartPicker>
                            <RecordsPerPage>4</RecordsPerPage>
                            <HeaderColorCode>#F3F3F3</HeaderColorCode>
                          </parameters>
                        </control>
                      </cell>
                    </row>
                    <row />
                    <row />
                    <row />
                    <row />
                    <row />
                  </rows>
                </section>
              </sections>
            </column>
          </columns>
        </tab>
        <tab name="tab_5" id="{c0134930-0be4-a34e-4a19-b105c33d5d88}" IsUserDefined="0" locklevel="0" showlabel="true" expanded="true">
          <labels>
            <label description="Grants" languagecode="1033" />
          </labels>
          <columns>
            <column width="100%">
              <sections>
                <section name="tab_5_section_1" showlabel="false" showbar="false" locklevel="0" id="{6ab37516-cee3-b2e2-6a84-17b4016c3c30}" IsUserDefined="0" layout="varwidth" columns="1" labelwidth="115" celllabelalignment="Left" celllabelposition="Left">
                  <labels>
                    <label description="Grants" languagecode="1033" />
                  </labels>
                  <rows>
                    <row>
                      <cell id="{12942eae-dec5-10aa-32b0-18bdd05dd891}" showlabel="false" colspan="1" auto="false" rowspan="6">
                        <labels>
                          <label description="Grants (Business Partner)" languagecode="1033" />
                        </labels>
                        <control id="Grants" classid="{E7A81278-8635-4d9e-8D4D-59480B391C5B}" indicationOfSubgrid="true" uniqueid="{5497c487-46da-05aa-6be2-880e6426825d}">
                          <parameters>
                            <ViewId>{EB3A745D-DBC2-4311-B396-99ECD661E461}</ViewId>
                            <IsUserView>false</IsUserView>
                            <RelationshipName>mshied_Grant_BusinessPartner_Account</RelationshipName>
                            <TargetEntityType>mshied_grant</TargetEntityType>
                            <AutoExpand>Fixed</AutoExpand>
                            <EnableQuickFind>false</EnableQuickFind>
                            <EnableViewPicker>false</EnableViewPicker>
                            <ViewIds>{EB3A745D-DBC2-4311-B396-99ECD661E461}</ViewIds>
                            <EnableJumpBar>false</EnableJumpBar>
                            <ChartGridMode>Grid</ChartGridMode>
                            <VisualizationId />
                            <IsUserChart>false</IsUserChart>
                            <EnableChartPicker>false</EnableChartPicker>
                            <RecordsPerPage>4</RecordsPerPage>
                            <HeaderColorCode>#F3F3F3</HeaderColorCode>
                          </parameters>
                        </control>
                      </cell>
                    </row>
                    <row />
                    <row />
                    <row />
                    <row />
                    <row />
                  </rows>
                </section>
              </sections>
            </column>
          </columns>
        </tab>
        <tab name="ExternalInformation" id="{b4dbc982-e5b2-c672-d456-b2eb078c7d42}" IsUserDefined="0" locklevel="0" showlabel="true" expanded="true" labelid="{0557424a-a2bd-4cbe-8620-f0773af3b347}">
          <labels>
            <label description="External Information" languagecode="1033" />
          </labels>
          <columns>
            <column width="50%">
              <sections>
                <section name="tab_2_section_1" showlabel="false" showbar="false" locklevel="0" id="{8d231151-132c-2a3c-a28e-9d4bbbae9861}" IsUserDefined="0" layout="varwidth" columns="1" labelwidth="115" labelid="{818b3858-f412-4001-ab04-1f54ec5f64b1}">
                  <labels>
                    <label description="Section" languagecode="1033" />
                  </labels>
                  <rows>
                    <row>
                      <cell id="{a4ea98e7-3399-b11c-ae32-5aa01178e115}" showlabel="true" locklevel="0" labelid="{b8954c9d-9dfd-4600-812d-e2785d6ddbe4}">
                        <labels>
                          <label description="External Identifier" languagecode="1033" />
                        </labels>
                        <control id="mshied_externalidentifier" classid="{4273EDBD-AC1D-40d3-9FB2-095C621B552D}" datafieldname="mshied_externalidentifier" disabled="false" />
                      </cell>
                    </row>
                  </rows>
                </section>
              </sections>
            </column>
            <column width="50%">
              <sections>
                <section name="tab_2_section_2" showlabel="false" showbar="false" locklevel="0" id="{73c3d6d3-b29e-7cd2-8b85-2a9d461a7405}" IsUserDefined="0" layout="varwidth" columns="1" labelwidth="115" labelid="{9923cfa1-dd4d-4f64-8f4c-7ef2225dabd0}">
                  <labels>
                    <label description="Section" languagecode="1033" />
                  </labels>
                  <rows>
                    <row>
                      <cell id="{cacd12ee-ea1c-85ec-57b4-1302915b4b5c}" showlabel="true" locklevel="0" labelid="{84f5d34d-acf1-4274-8343-8631a7b7acb0}">
                        <labels>
                          <label description="External Source System" languagecode="1033" />
                        </labels>
                        <control id="mshied_externalsourcesystem" classid="{3EF39988-22BB-4f0b-BBBE-64B5A3748AEE}" datafieldname="mshied_externalsourcesystem" disabled="false" />
                      </cell>
                    </row>
                  </rows>
                </section>
              </sections>
            </column>
          </columns>
        </tab>
      </tabs>
      <events>
        <event name="onload" application="true" active="true">
          <InternalHandlers>
            <Handler functionName="AppCommon.Account.Instance.ra_onload" libraryName="AppCommon/Account/Account_main_system_library.js" handlerUniqueId="7927DD68-5AC5-4E9A-B39A-44F62467656A" enabled="true" />
          </InternalHandlers>
        </event>
      </events>
      <header id="{d5a03552-1183-4347-a237-1f894ba449eb}" columns="111" celllabelposition="Top" labelwidth="115">
        <rows>
          <row>
            <cell id="{7e714152-3541-7734-1115-c1bd5890953c}" showlabel="false">
              <labels>
                <label description="" languagecode="1033" />
              </labels>
            </cell>
            <cell id="{c221e733-c42b-e7a1-2282-2c33cb891630}" showlabel="true" locklevel="0">
              <labels>
                <label description="Account Type" languagecode="1033" />
              </labels>
              <control id="header_mshied_accounttype" classid="{3EF39988-22BB-4f0b-BBBE-64B5A3748AEE}" datafieldname="mshied_accounttype" disabled="false" />
            </cell>
            <cell id="{54b2d0a2-eb77-b3cd-b60a-03ea6944e98e}" showlabel="true" locklevel="1" labelid="{302808e5-69c7-4ea9-9259-6250637ed7bf}">
              <labels>
                <label description="Owner" languagecode="1033" />
              </labels>
              <control id="header_ownerid" classid="{270BD3DB-D9AF-4782-9025-509E298DEC0A}" datafieldname="ownerid" />
            </cell>
          </row>
        </rows>
      </header>
      <clientresources>
        <internalresources>
          <clientincludes>
            <internaljscriptfile src="$webresource:AppCommon/Account/Account_main_system_library.js" />
          </clientincludes>
        </internalresources>
      </clientresources>
      <Navigation>
        <NavBar>
          <NavBarByRelationshipItem RelationshipName="account_customer_relationship_customer" Id="navRelationships" TitleResourceId="Left_Nav_Area_Relationships" Sequence="10" Area="Info" Show="false">
            <Privileges>
              <Privilege Entity="" Privilege="ReadActivity" />
            </Privileges>
            <Titles>
              <Title LCID="1033" Text="CustomerRelationship" />
              <Title LCID="1025" Text="CustomerRelationship" />
              <Title LCID="1026" Text="CustomerRelationship" />
              <Title LCID="1027" Text="CustomerRelationship" />
              <Title LCID="1029" Text="CustomerRelationship" />
              <Title LCID="1030" Text="CustomerRelationship" />
              <Title LCID="1031" Text="CustomerRelationship" />
              <Title LCID="1032" Text="CustomerRelationship" />
              <Title LCID="3082" Text="CustomerRelationship" />
              <Title LCID="1061" Text="CustomerRelationship" />
              <Title LCID="1069" Text="CustomerRelationship" />
              <Title LCID="1035" Text="CustomerRelationship" />
              <Title LCID="1036" Text="CustomerRelationship" />
              <Title LCID="1110" Text="CustomerRelationship" />
              <Title LCID="1037" Text="CustomerRelationship" />
              <Title LCID="1081" Text="CustomerRelationship" />
              <Title LCID="1050" Text="CustomerRelationship" />
              <Title LCID="1038" Text="CustomerRelationship" />
              <Title LCID="1057" Text="CustomerRelationship" />
              <Title LCID="1040" Text="CustomerRelationship" />
              <Title LCID="1041" Text="CustomerRelationship" />
              <Title LCID="1087" Text="CustomerRelationship" />
              <Title LCID="1042" Text="CustomerRelationship" />
              <Title LCID="1063" Text="CustomerRelationship" />
              <Title LCID="1062" Text="CustomerRelationship" />
              <Title LCID="1086" Text="CustomerRelationship" />
              <Title LCID="1044" Text="CustomerRelationship" />
              <Title LCID="1043" Text="CustomerRelationship" />
              <Title LCID="1045" Text="CustomerRelationship" />
              <Title LCID="1046" Text="CustomerRelationship" />
              <Title LCID="2070" Text="CustomerRelationship" />
              <Title LCID="1048" Text="CustomerRelationship" />
              <Title LCID="1049" Text="CustomerRelationship" />
              <Title LCID="1051" Text="CustomerRelationship" />
              <Title LCID="1060" Text="CustomerRelationship" />
              <Title LCID="10266" Text="CustomerRelationship" />
              <Title LCID="9242" Text="CustomerRelationship" />
              <Title LCID="1053" Text="CustomerRelationship" />
              <Title LCID="1054" Text="CustomerRelationship" />
              <Title LCID="1055" Text="CustomerRelationship" />
              <Title LCID="1058" Text="CustomerRelationship" />
              <Title LCID="1066" Text="CustomerRelationship" />
              <Title LCID="2052" Text="CustomerRelationship" />
              <Title LCID="3076" Text="CustomerRelationship" />
              <Title LCID="1028" Text="CustomerRelationship" />
            </Titles>
          </NavBarByRelationshipItem>
          <NavBarByRelationshipItem RelationshipName="Account_CustomerAddress" Id="navAddresses" Sequence="10" Area="Info" Show="false">
            <Privileges>
              <Privilege Entity="" Privilege="ReadActivity" />
            </Privileges>
            <Titles>
              <Title LCID="1033" Text="Addresses" />
              <Title LCID="1025" Text="العناوين" />
              <Title LCID="1026" Text="Адреси" />
              <Title LCID="1027" Text="Adreces" />
              <Title LCID="1029" Text="Adresy" />
              <Title LCID="1030" Text="Adresser" />
              <Title LCID="1031" Text="Adressen" />
              <Title LCID="1032" Text="Διευθύνσεις" />
              <Title LCID="3082" Text="Direcciones" />
              <Title LCID="1061" Text="Aadressid" />
              <Title LCID="1069" Text="Helbideak" />
              <Title LCID="1035" Text="Osoitteet" />
              <Title LCID="1036" Text="Adresses" />
              <Title LCID="1110" Text="Enderezos" />
              <Title LCID="1037" Text="כתובות" />
              <Title LCID="1081" Text="पते" />
              <Title LCID="1050" Text="Adrese" />
              <Title LCID="1038" Text="Címek" />
              <Title LCID="1057" Text="Alamat" />
              <Title LCID="1040" Text="Indirizzi" />
              <Title LCID="1041" Text="住所" />
              <Title LCID="1087" Text="Мекенжайлар" />
              <Title LCID="1042" Text="주소" />
              <Title LCID="1063" Text="Adresai" />
              <Title LCID="1062" Text="Adreses" />
              <Title LCID="1086" Text="Alamat" />
              <Title LCID="1044" Text="Adresser" />
              <Title LCID="1043" Text="Adressen" />
              <Title LCID="1045" Text="Adresy" />
              <Title LCID="1046" Text="Endereços" />
              <Title LCID="2070" Text="Endereços" />
              <Title LCID="1048" Text="Adrese" />
              <Title LCID="1049" Text="Адреса" />
              <Title LCID="1051" Text="Adresy" />
              <Title LCID="1060" Text="Naslovi" />
              <Title LCID="10266" Text="Адресе" />
              <Title LCID="9242" Text="Adrese" />
              <Title LCID="1053" Text="Adresser" />
              <Title LCID="1054" Text="ที่อยู่" />
              <Title LCID="1055" Text="Adresler" />
              <Title LCID="1058" Text="Адреси" />
              <Title LCID="1066" Text="Địa chỉ" />
              <Title LCID="2052" Text="地址" />
              <Title LCID="3076" Text="地址" />
              <Title LCID="1028" Text="地址" />
            </Titles>
          </NavBarByRelationshipItem>
          <NavBarByRelationshipItem RelationshipName="account_parent_account" Id="navSubAccts" TitleResourceId="Label_SubAccounts" Sequence="10" Area="Info" Show="false">
            <Privileges>
              <Privilege Entity="" Privilege="ReadActivity" />
            </Privileges>
            <Titles>
              <Title LCID="1033" Text="Accounts" />
              <Title LCID="1025" Text="الحسابات" />
              <Title LCID="1026" Text="Акаунти" />
              <Title LCID="1027" Text="Comptes" />
              <Title LCID="1029" Text="Obchodní vztahy" />
              <Title LCID="1030" Text="Firmaer" />
              <Title LCID="1031" Text="Firmen" />
              <Title LCID="1032" Text="Λογαριασμοί" />
              <Title LCID="3082" Text="Cuentas" />
              <Title LCID="1061" Text="Kontod" />
              <Title LCID="1069" Text="Kontuak" />
              <Title LCID="1035" Text="Asiakkaat" />
              <Title LCID="1036" Text="Comptes" />
              <Title LCID="1110" Text="Contas" />
              <Title LCID="1037" Text="תיקי לקוחות" />
              <Title LCID="1081" Text="खाते" />
              <Title LCID="1050" Text="Kupci" />
              <Title LCID="1038" Text="Partnerek" />
              <Title LCID="1057" Text="Akun" />
              <Title LCID="1040" Text="Account" />
              <Title LCID="1041" Text="取引先企業" />
              <Title LCID="1087" Text="Тіркелгілер" />
              <Title LCID="1042" Text="거래처" />
              <Title LCID="1063" Text="Klientai" />
              <Title LCID="1062" Text="Uzņēmumi" />
              <Title LCID="1086" Text="Akaun" />
              <Title LCID="1044" Text="Forretningsforbindelser" />
              <Title LCID="1043" Text="Accounts" />
              <Title LCID="1045" Text="Klienci" />
              <Title LCID="1046" Text="Contas" />
              <Title LCID="2070" Text="Contas" />
              <Title LCID="1048" Text="Conturi" />
              <Title LCID="1049" Text="Организации" />
              <Title LCID="1051" Text="Obchodné vzťahy" />
              <Title LCID="1060" Text="Računi" />
              <Title LCID="10266" Text="Пословни контакти" />
              <Title LCID="9242" Text="Poslovni kontakti" />
              <Title LCID="1053" Text="Konton" />
              <Title LCID="1054" Text="บัญชี" />
              <Title LCID="1055" Text="Firmalar" />
              <Title LCID="1058" Text="Бізнес-партнери" />
              <Title LCID="1066" Text="Khách hàng" />
              <Title LCID="2052" Text="帐户" />
              <Title LCID="3076" Text="客戶" />
              <Title LCID="1028" Text="客戶" />
            </Titles>
          </NavBarByRelationshipItem>
          <NavBarByRelationshipItem RelationshipName="hardcoded_{B7196B13-6B9D-42CD-BD58-B19A3953126F}navCampaignsInSFA" Sequence="20" Area="Marketing" Id="navCampaignsInSFA" Show="false">
            <Titles>
              <Title LCID="1033" Text="Campaigns" />
              <Title LCID="1025" Text="الحملات" />
              <Title LCID="1026" Text="Кампании" />
              <Title LCID="1027" Text="Campanyes" />
              <Title LCID="1029" Text="Kampaně" />
              <Title LCID="1030" Text="Kampagner" />
              <Title LCID="1031" Text="Kampagnen" />
              <Title LCID="1032" Text="Εκστρατείες" />
              <Title LCID="3082" Text="Campañas" />
              <Title LCID="1061" Text="Kampaaniad" />
              <Title LCID="1069" Text="Kanpainak" />
              <Title LCID="1035" Text="Kampanjat" />
              <Title LCID="1036" Text="Campagnes" />
              <Title LCID="1110" Text="Campañas" />
              <Title LCID="1037" Text="קמפיינים" />
              <Title LCID="1081" Text="अभियान" />
              <Title LCID="1050" Text="Kampanje" />
              <Title LCID="1038" Text="Kampányok" />
              <Title LCID="1057" Text="Kampanye" />
              <Title LCID="1040" Text="Campagne" />
              <Title LCID="1041" Text="キャンペーン" />
              <Title LCID="1087" Text="Науқандар" />
              <Title LCID="1042" Text="캠페인" />
              <Title LCID="1063" Text="Kampanijos" />
              <Title LCID="1062" Text="Kampaņas" />
              <Title LCID="1086" Text="Kempen" />
              <Title LCID="1044" Text="Kampanjer" />
              <Title LCID="1043" Text="Campagnes" />
              <Title LCID="1045" Text="Kampanie" />
              <Title LCID="1046" Text="Campanhas" />
              <Title LCID="2070" Text="Campanhas" />
              <Title LCID="1048" Text="Campanii" />
              <Title LCID="1049" Text="Кампании" />
              <Title LCID="1051" Text="Kampane" />
              <Title LCID="1060" Text="Akcije" />
              <Title LCID="10266" Text="Кампање" />
              <Title LCID="9242" Text="Kampanje" />
              <Title LCID="1053" Text="Kampanjer" />
              <Title LCID="1054" Text="การส่งเสริมการขาย" />
              <Title LCID="1055" Text="Kampanyalar" />
              <Title LCID="1058" Text="Кампанії" />
              <Title LCID="1066" Text="Chiến dịch" />
              <Title LCID="2052" Text="市场活动" />
              <Title LCID="3076" Text="行銷活動" />
              <Title LCID="1028" Text="行銷活動" />
            </Titles>
          </NavBarByRelationshipItem>
          <NavBarByRelationshipItem RelationshipName="hardcoded_{B7196B13-6B9D-42CD-BD58-B19A3953126F}navAsyncOperations" Sequence="9500" Area="ProcessCenter" Id="navAsyncOperations" Show="false">
            <Titles>
              <Title LCID="1033" Text="Workflows" />
              <Title LCID="1025" Text="عمليات سير العمل" />
              <Title LCID="1026" Text="Работни потоци" />
              <Title LCID="1027" Text="Fluxos de treball" />
              <Title LCID="1029" Text="Pracovní postupy" />
              <Title LCID="1030" Text="Arbejdsprocesser" />
              <Title LCID="1031" Text="Workflows" />
              <Title LCID="1032" Text="Ροές εργασιών" />
              <Title LCID="3082" Text="Flujos de trabajo" />
              <Title LCID="1061" Text="Töövood" />
              <Title LCID="1069" Text="Lan-fluxuak" />
              <Title LCID="1035" Text="Työnkulut" />
              <Title LCID="1036" Text="Workflows" />
              <Title LCID="1110" Text="Fluxos de traballo" />
              <Title LCID="1037" Text="זרימות עבודה" />
              <Title LCID="1081" Text="कार्य प्रवाह" />
              <Title LCID="1050" Text="Tjekovi rada" />
              <Title LCID="1038" Text="Munkafolyamatok" />
              <Title LCID="1057" Text="Alur Kerja" />
              <Title LCID="1040" Text="Flussi di lavoro" />
              <Title LCID="1041" Text="ワークフロー" />
              <Title LCID="1087" Text="Жұмыс ағындары" />
              <Title LCID="1042" Text="워크플로" />
              <Title LCID="1063" Text="Darbo eigos" />
              <Title LCID="1062" Text="Darbplūsmas" />
              <Title LCID="1086" Text="Aliran Kerja" />
              <Title LCID="1044" Text="Arbeidsflyter" />
              <Title LCID="1043" Text="Werkstromen" />
              <Title LCID="1045" Text="Przepływy pracy" />
              <Title LCID="1046" Text="Fluxos de Trabalho" />
              <Title LCID="2070" Text="Fluxos de Trabalho" />
              <Title LCID="1048" Text="Fluxuri de lucru" />
              <Title LCID="1049" Text="Бизнес-процессы" />
              <Title LCID="1051" Text="Pracovné postupy" />
              <Title LCID="1060" Text="Poteki dela" />
              <Title LCID="10266" Text="Токови посла" />
              <Title LCID="9242" Text="Tokovi posla" />
              <Title LCID="1053" Text="Arbetsflöden" />
              <Title LCID="1054" Text="เวิร์กโฟลว์" />
              <Title LCID="1055" Text="İş Akışları" />
              <Title LCID="1058" Text="Робочі цикли" />
              <Title LCID="1066" Text="Quy trình làm việc" />
              <Title LCID="2052" Text="工作流" />
              <Title LCID="3076" Text="工作流程" />
              <Title LCID="1028" Text="工作流程" />
            </Titles>
          </NavBarByRelationshipItem>
          <NavBarByRelationshipItem RelationshipName="hardcoded_{B7196B13-6B9D-42CD-BD58-B19A3953126F}navProcessSessions" Sequence="9700" Area="ProcessCenter" Id="navProcessSessions" Show="false">
            <Titles>
              <Title LCID="1033" Text="Dialog Sessions" />
              <Title LCID="1025" Text="جلسات عمل الحوار" />
              <Title LCID="1026" Text="Диалогови сесии" />
              <Title LCID="1027" Text="Sessions del diàleg" />
              <Title LCID="1029" Text="Relace dialogů" />
              <Title LCID="1030" Text="Dialogsessioner" />
              <Title LCID="1031" Text="Dialogsitzungen" />
              <Title LCID="1032" Text="Περίοδοι λειτουργίας παραθύρου διαλόγου" />
              <Title LCID="3082" Text="Sesiones de diálogo" />
              <Title LCID="1061" Text="Dialoogiseansid" />
              <Title LCID="1069" Text="Elkarrizketa-saioak" />
              <Title LCID="1035" Text="Dialogi-istunnot" />
              <Title LCID="1036" Text="Sessions de dialogue" />
              <Title LCID="1110" Text="Sesións de diálogo" />
              <Title LCID="1037" Text="הפעלות דו-שיח" />
              <Title LCID="1081" Text="संवाद सत्र" />
              <Title LCID="1050" Text="Sesije dijaloga" />
              <Title LCID="1038" Text="Párbeszéd-munkamenetek" />
              <Title LCID="1057" Text="Sesi Dialog" />
              <Title LCID="1040" Text="Sessioni di interazione" />
              <Title LCID="1041" Text="ダイアログ セッション" />
              <Title LCID="1087" Text="Диалог сеанстары" />
              <Title LCID="1042" Text="대화 세션" />
              <Title LCID="1063" Text="Dialogo seansai" />
              <Title LCID="1062" Text="Dialogu sesijas" />
              <Title LCID="1086" Text="Sesi Dialog" />
              <Title LCID="1044" Text="Dialogøkter" />
              <Title LCID="1043" Text="Dialoogvenstersessies" />
              <Title LCID="1045" Text="Sesje dialogowe" />
              <Title LCID="1046" Text="Sessões de Diálogo" />
              <Title LCID="2070" Text="Sessões de Diálogo" />
              <Title LCID="1048" Text="Sesiuni de dialog" />
              <Title LCID="1049" Text="Сеансы диалогового окна" />
              <Title LCID="1051" Text="Relácie dialógového okna" />
              <Title LCID="1060" Text="Seje dialoga" />
              <Title LCID="10266" Text="Сесије дијалога" />
              <Title LCID="9242" Text="Sesije dijaloga" />
              <Title LCID="1053" Text="Dialogsessioner" />
              <Title LCID="1054" Text="เซสชันของกล่องโต้ตอบ" />
              <Title LCID="1055" Text="Diyalog Oturumları" />
              <Title LCID="1058" Text="Сеанси діалогу" />
              <Title LCID="1066" Text="Phiên hộp thoại" />
              <Title LCID="2052" Text="对话会话" />
              <Title LCID="3076" Text="對話方塊工作階段" />
              <Title LCID="1028" Text="對話方塊工作階段" />
            </Titles>
          </NavBarByRelationshipItem>
        </NavBar>
        <NavBarAreas>
          <NavBarArea Id="Info">
            <Titles>
              <Title LCID="1033" Text="Common" />
            </Titles>
          </NavBarArea>
          <NavBarArea Id="Sales">
            <Titles>
              <Title LCID="1033" Text="Sales" />
            </Titles>
          </NavBarArea>
          <NavBarArea Id="Service">
            <Titles>
              <Title LCID="1033" Text="Service" />
            </Titles>
          </NavBarArea>
          <NavBarArea Id="Marketing">
            <Titles>
              <Title LCID="1033" Text="Marketing" />
            </Titles>
          </NavBarArea>
          <NavBarArea Id="ProcessCenter">
            <Titles>
              <Title LCID="1033" Text="Process Sessions" />
            </Titles>
          </NavBarArea>
        </NavBarAreas>
      </Navigation>
      <controlDescriptions />
      <DisplayConditions FallbackForm="true" Order="5">
        <Role Id="{627090ff-40a3-4053-8790-584edc5be201}" />
        <Role Id="{119f245c-3cc8-4b62-b31c-d1a046ced15d}" />
      </DisplayConditions>
    </form>
    <IsCustomizable>1</IsCustomizable>
    <CanBeDeleted>1</CanBeDeleted>
    <LocalizedNames>
      <LocalizedName description="Higher Education Account Form" languagecode="1033" />
    </LocalizedNames>
  </systemform>
</forms>