﻿<?xml version="1.0" encoding="utf-8"?>
<savedqueries xmlns:xsi="http://www.w3.org/2001/XMLSchema-instance">
  <savedquery>
    <IsCustomizable>1</IsCustomizable>
    <CanBeDeleted>0</CanBeDeleted>
    <isquickfindquery>0</isquickfindquery>
    <isprivate>0</isprivate>
    <isdefault>1</isdefault>
    <savedqueryid>{2edad430-ed32-4011-ba97-3dc429797030}</savedqueryid>
    <layoutxml>
      <grid name="resultset" jump="mshied_name" select="1" icon="1" preview="1">
        <row name="result" id="mshied_accomplishmentsid">
          <cell name="mshied_student" width="100" />
          <cell name="mshied_name" width="200" />
          <cell name="mshied_accomplishmenttype" width="100" />
          <cell name="mshied_description" width="300" />
        </row>
      </grid>
    </layoutxml>
    <querytype>0</querytype>
    <fetchxml>
      <fetch version="1.0" mapping="logical">
        <entity name="mshied_accomplishments">
          <attribute name="mshied_accomplishmentsid" />
          <attribute name="mshied_name" />
          <order attribute="mshied_name" descending="false" />
          <filter type="and">
            <condition attribute="statecode" operator="eq" value="0" />
          </filter>
          <attribute name="mshied_student" />
          <attribute name="mshied_accomplishmenttype" />
          <attribute name="mshied_description" />
        </entity>
      </fetch>
    </fetchxml>
    <IntroducedVersion>1.0.3.8</IntroducedVersion>
    <LocalizedNames>
      <LocalizedName description="Active Accomplishments" languagecode="1033" />
    </LocalizedNames>
  </savedquery>
</savedqueries>