﻿<?xml version="1.0" encoding="utf-8"?>
<forms xmlns:xsi="http://www.w3.org/2001/XMLSchema-instance">
  <systemform>
    <formid>{eaad3f42-8163-42be-b743-889f561e7a4a}</formid>
    <IntroducedVersion>1.0.3.8</IntroducedVersion>
    <FormPresentation>1</FormPresentation>
    <FormActivationState>1</FormActivationState>
    <form>
      <tabs>
        <tab name="general" verticallayout="true" id="{b71b1fb5-d8c9-4e9d-8cfa-0d0ba42c0f8d}" IsUserDefined="0">
          <labels>
            <label description="" languagecode="1033" />
          </labels>
          <columns>
            <column width="25%">
              <sections>
                <section name="ColorStrip" showlabel="false" showbar="false" columns="1" IsUserDefined="0" id="{29e5b308-29c3-432b-a31f-a0b093824868}">
                  <labels>
                    <label description="ColorStrip" languagecode="1033" />
                  </labels>
                </section>
              </sections>
            </column>
            <column width="75%">
              <sections>
                <section name="CardHeader" showlabel="false" showbar="false" columns="111" id="{1e570c00-c2bf-4599-a419-015db79274d9}" IsUserDefined="0">
                  <labels>
                    <label description="Header" languagecode="1033" />
                  </labels>
                  <rows>
                    <row>
                      <cell id="{3ea10ef9-e101-4a89-9666-3b9292b53c99}" showlabel="true" locklevel="0">
                        <labels>
                          <label description="Status Reason" languagecode="1033" />
                        </labels>
                        <control id="statuscode" classid="{5D68B988-0661-4db2-BC3E-17598AD3BE6C}" datafieldname="statuscode" disabled="false" />
                      </cell>
                      <cell id="{2f5b762e-8203-4cde-8b5d-d7b6a6385e46}" showlabel="true" locklevel="0">
                        <labels>
                          <label description="" languagecode="1033" />
                        </labels>
                      </cell>
                      <cell id="{8b7eba5e-22d2-4f17-ba67-1d0739866163}" showlabel="true" locklevel="0">
                        <labels>
                          <label description="" languagecode="1033" />
                        </labels>
                      </cell>
                    </row>
                  </rows>
                </section>
                <section name="CardDetails" showlabel="false" showbar="false" columns="1" id="{a58c342c-45c1-4abd-b612-b301843ebb61}" IsUserDefined="0">
                  <labels>
                    <label description="Details" languagecode="1033" />
                  </labels>
                  <rows>
                    <row>
                      <cell id="{4d844271-a226-4d94-bccb-e7096ebf5deb}" showlabel="true" locklevel="0">
                        <labels>
                          <label description="Name" languagecode="1033" />
                        </labels>
                        <control id="mshied_name" classid="{4273EDBD-AC1D-40d3-9FB2-095C621B552D}" datafieldname="mshied_name" disabled="false" />
                      </cell>
                    </row>
                  </rows>
                </section>
                <section name="CardFooter" showlabel="false" columns="1111" showbar="false" id="{2b08655e-0cf6-42a0-b0b4-d384effb0be3}" IsUserDefined="0">
                  <labels>
                    <label description="Footer" languagecode="1033" />
                  </labels>
                  <rows>
                    <row>
                      <cell id="{113527ac-ef35-422d-ae6d-41cadbd0f18f}" showlabel="true" locklevel="0">
                        <labels>
                          <label description="Owner" languagecode="1033" />
                        </labels>
                        <control id="ownerid" classid="{270BD3DB-D9AF-4782-9025-509E298DEC0A}" datafieldname="ownerid" disabled="false" />
                      </cell>
                      <cell id="{0e6b74ba-c663-4356-9af2-6a39c35a79ae}" showlabel="true" locklevel="0">
                        <labels>
                          <label description="Created On" languagecode="1033" />
                        </labels>
                        <control id="createdon" classid="{270BD3DB-D9AF-4782-9025-509E298DEC0A}" datafieldname="createdon" disabled="false" />
                      </cell>
                      <cell id="{2575daa2-ceba-4eb1-b0e4-ab6157228ad4}" showlabel="true" locklevel="0">
                        <labels>
                          <label description="" languagecode="1033" />
                        </labels>
                      </cell>
                      <cell id="{d6db9484-d0fa-4d72-ae88-4f126ede57f3}" showlabel="true" locklevel="0">
                        <labels>
                          <label description="" languagecode="1033" />
                        </labels>
                      </cell>
                    </row>
                  </rows>
                </section>
              </sections>
            </column>
          </columns>
        </tab>
      </tabs>
    </form>
    <IsCustomizable>1</IsCustomizable>
    <CanBeDeleted>1</CanBeDeleted>
    <LocalizedNames>
      <LocalizedName description="Information" languagecode="1033" />
    </LocalizedNames>
    <Descriptions>
      <Description description="A card form for this entity." languagecode="1033" />
    </Descriptions>
  </systemform>
</forms>