﻿<?xml version="1.0" encoding="utf-8"?>
<savedqueries xmlns:xsi="http://www.w3.org/2001/XMLSchema-instance">
  <savedquery>
    <IsCustomizable>1</IsCustomizable>
    <CanBeDeleted>0</CanBeDeleted>
    <isquickfindquery>0</isquickfindquery>
    <isprivate>0</isprivate>
    <isdefault>1</isdefault>
    <savedqueryid>{c9acd1e5-ddf6-441b-ab81-73244457e72f}</savedqueryid>
    <layoutxml>
      <grid name="mshied_internshipapplicants" jump="mshied_name" select="1" icon="1" preview="1">
        <row name="mshied_internshipapplicant" id="mshied_internshipapplicantid">
          <cell name="mshied_applicationstatecode" width="100" />
          <cell name="mshied_internship" width="100" />
          <cell name="mshied_submissiondate" width="100" />
        </row>
      </grid>
    </layoutxml>
    <querytype>2</querytype>
    <fetchxml>
      <fetch version="1.0" mapping="logical">
        <entity name="mshied_internshipapplicant">
          <attribute name="mshied_internshipapplicantid" />
          <filter type="and">
            <condition attribute="statecode" operator="eq" value="0" />
          </filter>
          <attribute name="mshied_applicationstatecode" />
          <attribute name="mshied_internship" />
          <attribute name="mshied_submissiondate" />
        </entity>
      </fetch>
    </fetchxml>
    <IntroducedVersion>1.0.3.8</IntroducedVersion>
    <LocalizedNames>
      <LocalizedName description="Internship Applicant Associated View" languagecode="1033" />
    </LocalizedNames>
  </savedquery>
</savedqueries>