﻿<?xml version="1.0" encoding="utf-8"?>
<forms xmlns:xsi="http://www.w3.org/2001/XMLSchema-instance">
  <systemform>
    <formid>{c161c286-c7a4-4145-bc30-eb1e795e5191}</formid>
    <IntroducedVersion>1.0</IntroducedVersion>
    <FormPresentation>1</FormPresentation>
    <FormActivationState>1</FormActivationState>
    <form>
      <tabs>
        <tab verticallayout="true" id="{bec82eeb-a0f3-4f9b-8b6e-9cbd77d59333}" name="StageStep3" locklevel="0" expanded="true" visible="false">
          <labels>
            <label description="" languagecode="1033" />
          </labels>
          <columns>
            <column width="100%">
              <sections>
                <section showbar="false" columns="1" id="{6b1716c5-43ee-4bcc-9afb-3c4105110e3a}" name="StageStep3_section1">
                  <labels>
                    <label description="" languagecode="1033" />
                  </labels>
                  <rows>
                    <row>
                      <cell id="{d0d219f7-040f-4d2f-a277-68167a08696c}" showlabel="true" visible="true">
                        <labels>
                          <label description="" languagecode="1033" />
                        </labels>
                        <control id="bpf_mshied_internshipapplicant_mshied_internshipapplicationflow:mshied_applicationstatecode" classid="{3ef39988-22bb-4f0b-bbbe-64b5a3748aee}" datafieldname="mshied_applicationstatecode" relationship="bpf_mshied_internshipapplicant_mshied_internshipapplicationflow" disabled="false" />
                      </cell>
                    </row>
                  </rows>
                </section>
              </sections>
            </column>
          </columns>
        </tab>
        <tab verticallayout="true" id="{111e7a22-d8a8-4278-a208-5f0ec80660ae}" name="StageStep7" locklevel="0" expanded="true" visible="false">
          <labels>
            <label description="" languagecode="1033" />
          </labels>
          <columns>
            <column width="100%">
              <sections>
                <section showbar="false" columns="1" id="{d2883fbc-5c6f-4ec2-a6ba-10e21cd5b7b9}" name="StageStep7_section1">
                  <labels>
                    <label description="" languagecode="1033" />
                  </labels>
                  <rows>
                    <row>
                      <cell id="{cebb2d8d-a0fc-4b2c-b5bb-a91394c8480a}" showlabel="true" visible="true">
                        <labels>
                          <label description="" languagecode="1033" />
                        </labels>
                        <control id="bpf_mshied_internshipapplicant_mshied_internshipapplicationflow:mshied_applicationstatecode" classid="{3ef39988-22bb-4f0b-bbbe-64b5a3748aee}" datafieldname="mshied_applicationstatecode" relationship="bpf_mshied_internshipapplicant_mshied_internshipapplicationflow" disabled="false" />
                      </cell>
                    </row>
                  </rows>
                </section>
              </sections>
            </column>
          </columns>
        </tab>
        <tab verticallayout="true" id="{332d12c6-140b-4b67-9d67-be9cefa109bb}" name="StageStep12" locklevel="0" expanded="true" visible="false">
          <labels>
            <label description="" languagecode="1033" />
          </labels>
          <columns>
            <column width="100%">
              <sections>
                <section showbar="false" columns="1" id="{dfdd9697-4051-40a8-a5c9-c19067d11a86}" name="StageStep12_section1">
                  <labels>
                    <label description="" languagecode="1033" />
                  </labels>
                  <rows>
                    <row>
                      <cell id="{93e081bd-a74e-47a2-a70b-edd3b71d9f35}" showlabel="true" visible="true">
                        <labels>
                          <label description="" languagecode="1033" />
                        </labels>
                        <control id="bpf_mshied_internshipapplicant_mshied_internshipapplicationflow:mshied_applicationstatecode" classid="{3ef39988-22bb-4f0b-bbbe-64b5a3748aee}" datafieldname="mshied_applicationstatecode" relationship="bpf_mshied_internshipapplicant_mshied_internshipapplicationflow" disabled="false" />
                      </cell>
                    </row>
                  </rows>
                </section>
              </sections>
            </column>
          </columns>
        </tab>
        <tab verticallayout="true" id="{32120c6a-1bac-4037-bc88-dbc11bf0ee6b}" name="StageStep17" locklevel="0" expanded="true" visible="false">
          <labels>
            <label description="" languagecode="1033" />
          </labels>
          <columns>
            <column width="100%">
              <sections>
                <section showbar="false" columns="1" id="{fb9a2e7a-1d0e-4adc-8297-80d5213bedbc}" name="StageStep17_section1">
                  <labels>
                    <label description="" languagecode="1033" />
                  </labels>
                  <rows>
                    <row>
                      <cell id="{4881ade8-d46c-4f3d-8e26-5000695c2d8a}" showlabel="true" visible="true">
                        <labels>
                          <label description="" languagecode="1033" />
                        </labels>
                        <control id="bpf_mshied_internshipapplicant_mshied_internshipapplicationflow:mshied_applicationstatecode" classid="{3ef39988-22bb-4f0b-bbbe-64b5a3748aee}" datafieldname="mshied_applicationstatecode" relationship="bpf_mshied_internshipapplicant_mshied_internshipapplicationflow" disabled="false" />
                      </cell>
                    </row>
                  </rows>
                </section>
              </sections>
            </column>
          </columns>
        </tab>
      </tabs>
    </form>
    <IsCustomizable>1</IsCustomizable>
    <CanBeDeleted>1</CanBeDeleted>
    <LocalizedNames>
      <LocalizedName description="Information" languagecode="1033" />
    </LocalizedNames>
    <Descriptions>
      <Description description="A form for this entity." languagecode="1033" />
    </Descriptions>
  </systemform>
</forms>