﻿<?xml version="1.0" encoding="utf-8"?>
<AppModule>
  <UniqueName>mshied_HigherEd</UniqueName>
  <IntroducedVersion>1.0.0.0</IntroducedVersion>
  <WebResourceId>8b9ded0b-9bd0-e811-a970-000d3a1c5096</WebResourceId>
  <WelcomePageId>0c051fc5-b2e3-e911-a839-000d3a1d5203</WelcomePageId>
  <FormFactor>1</FormFactor>
  <ClientType>4</ClientType>
  <NavigationType>0</NavigationType>
  <AppModuleComponents>
    <AppModuleComponent type="62" schemaName="mshied_HigherEd" />
    <AppModuleComponent type="60" id="{ed828b48-04df-e911-a968-000d3a3b9825}" />
    <AppModuleComponent type="60" id="{10a86981-28ce-e811-a967-000d3a1c53e4}" />
    <AppModuleComponent type="1" schemaName="mshied_academicperiod" />
    <AppModuleComponent type="1" schemaName="mshied_academicperioddetails" />
    <AppModuleComponent type="1" schemaName="account" />
    <AppModuleComponent type="60" id="{d3ee6982-e236-4ec4-922a-48105dc85838}" />
    <AppModuleComponent type="1" schemaName="customeraddress" />
    <AppModuleComponent type="60" id="{ef140875-b7e7-4469-809c-5f4ab700b1d1}" />
    <AppModuleComponent type="1" schemaName="mshied_areaofinterest" />
    <AppModuleComponent type="60" id="{78b71c30-ae51-4603-8549-46a7cb655e01}" />
    <AppModuleComponent type="1" schemaName="mshied_areaofstudy" />
    <AppModuleComponent type="1" schemaName="contact" />
    <AppModuleComponent type="60" id="{94eb6fcd-3aa2-4b1f-9eea-f23da74df76f}" />
    <AppModuleComponent type="60" id="{dc419af9-8994-4f86-91db-8d0169c0ad4e}" />
    <AppModuleComponent type="1" schemaName="mshied_course" />
    <AppModuleComponent type="60" id="{5833d3bf-c38d-419e-8156-a16fe681abe2}" />
    <AppModuleComponent type="1" schemaName="mshied_coursehistory" />
    <AppModuleComponent type="1" schemaName="mshied_coursesection" />
    <AppModuleComponent type="1" schemaName="mshied_educationlevel" />
    <AppModuleComponent type="1" schemaName="mshied_extracurricularactivities" />
    <AppModuleComponent type="60" id="{f2255de0-9cc7-488f-912b-42ee8dd6c167}" />
    <AppModuleComponent type="1" schemaName="mshied_extracurricularparticipant" />
    <AppModuleComponent type="1" schemaName="mshied_grant" />
    <AppModuleComponent type="1" schemaName="mshied_grantapplicant" />
    <AppModuleComponent type="1" schemaName="mshied_internship" />
    <AppModuleComponent type="1" schemaName="mshied_internshipapplicant" />
    <AppModuleComponent type="1" schemaName="mshied_previouseducation" />
    <AppModuleComponent type="1" schemaName="mshied_program" />
    <AppModuleComponent type="60" id="{5600d25a-db90-4213-afec-1d74b5a0c7fe}" />
    <AppModuleComponent type="1" schemaName="mshied_programlevel" />
    <AppModuleComponent type="1" schemaName="mshied_programversion" />
    <AppModuleComponent type="1" schemaName="mshied_programversiondetail" />
    <AppModuleComponent type="1" schemaName="mshied_registrationstatus" />
    <AppModuleComponent type="1" schemaName="mshied_scholarship" />
    <AppModuleComponent type="1" schemaName="mshied_scholarshipapplicant" />
    <AppModuleComponent type="1" schemaName="mshied_studentprogramtype" />
    <AppModuleComponent type="1" schemaName="mshied_studentstatus" />
    <AppModuleComponent type="1" schemaName="task" />
    <AppModuleComponent type="1" schemaName="mshied_testscore" />
    <AppModuleComponent type="1" schemaName="mshied_testtype" />
  </AppModuleComponents>
  <AppModuleRoleMaps>
    <Role id="{627090ff-40a3-4053-8790-584edc5be201}" />
    <Role id="{119f245c-3cc8-4b62-b31c-d1a046ced15d}" />
  </AppModuleRoleMaps>
  <LocalizedNames>
    <LocalizedName description="Higher Ed" languagecode="1033" />
  </LocalizedNames>
</AppModule>