﻿<?xml version="1.0" encoding="utf-8"?>
<forms xmlns:xsi="http://www.w3.org/2001/XMLSchema-instance">
  <systemform>
    <formid>{44fcc46e-3ffd-4b89-a54c-4e629ba7f1f7}</formid>
    <IntroducedVersion>1.0.0.0</IntroducedVersion>
    <FormPresentation>1</FormPresentation>
    <FormActivationState>1</FormActivationState>
    <form>
      <tabs>
        <tab name="general" verticallayout="true" id="{c5f85160-db9c-4ea5-a624-29421a37aefb}" IsUserDefined="0">
          <labels>
            <label description="" languagecode="1033" />
          </labels>
          <columns>
            <column width="25%">
              <sections>
                <section name="ColorStrip" showlabel="false" showbar="false" columns="1" IsUserDefined="0" id="{a793a58a-cfc0-419b-946c-5c9a1b62de2d}">
                  <labels>
                    <label description="ColorStrip" languagecode="1033" />
                  </labels>
                </section>
              </sections>
            </column>
            <column width="75%">
              <sections>
                <section name="CardHeader" showlabel="false" showbar="false" columns="111" id="{09a5f87f-ba38-4de1-819f-3c684362cc0c}" IsUserDefined="0">
                  <labels>
                    <label description="Header" languagecode="1033" />
                  </labels>
                  <rows>
                    <row>
                      <cell id="{6f8acb4d-b09e-478e-bd8d-cacdca54724e}" showlabel="true" locklevel="0">
                        <labels>
                          <label description="Status Reason" languagecode="1033" />
                        </labels>
                        <control id="statuscode" classid="{5D68B988-0661-4db2-BC3E-17598AD3BE6C}" datafieldname="statuscode" disabled="false" />
                      </cell>
                      <cell id="{57f5c7a9-9fff-4951-a8d1-3cb6b7b94918}" showlabel="true" locklevel="0">
                        <labels>
                          <label description="" languagecode="1033" />
                        </labels>
                      </cell>
                      <cell id="{50fd80b5-3867-4e5d-9e71-792cea99a0b1}" showlabel="true" locklevel="0">
                        <labels>
                          <label description="" languagecode="1033" />
                        </labels>
                      </cell>
                    </row>
                  </rows>
                </section>
                <section name="CardDetails" showlabel="false" showbar="false" columns="1" id="{43d427e4-3442-4e03-9b13-1afab65e7a2d}" IsUserDefined="0">
                  <labels>
                    <label description="Details" languagecode="1033" />
                  </labels>
                  <rows>
                    <row>
                      <cell id="{4550c66c-3874-48e2-a85a-70202f8aaa8f}" showlabel="true" locklevel="0">
                        <labels>
                          <label description="Program Level Name" languagecode="1033" />
                        </labels>
                        <control id="mshied_name" classid="{4273EDBD-AC1D-40d3-9FB2-095C621B552D}" datafieldname="mshied_name" disabled="false" />
                      </cell>
                    </row>
                  </rows>
                </section>
                <section name="CardFooter" showlabel="false" columns="1111" showbar="false" id="{c64a0cde-baf9-423f-a580-cd88a89ddb9a}" IsUserDefined="0">
                  <labels>
                    <label description="Footer" languagecode="1033" />
                  </labels>
                  <rows>
                    <row>
                      <cell id="{8e2b49bc-0fc8-418e-bcbe-5b2456ef0a6c}" showlabel="true" locklevel="0">
                        <labels>
                          <label description="Owner" languagecode="1033" />
                        </labels>
                        <control id="ownerid" classid="{270BD3DB-D9AF-4782-9025-509E298DEC0A}" datafieldname="ownerid" disabled="false" />
                      </cell>
                      <cell id="{ee123a72-edcf-4232-bb30-25d001471baf}" showlabel="true" locklevel="0">
                        <labels>
                          <label description="Created On" languagecode="1033" />
                        </labels>
                        <control id="createdon" classid="{270BD3DB-D9AF-4782-9025-509E298DEC0A}" datafieldname="createdon" disabled="false" />
                      </cell>
                      <cell id="{2012e8e3-8401-4be0-8fe9-dfaa9a7047b2}" showlabel="true" locklevel="0">
                        <labels>
                          <label description="" languagecode="1033" />
                        </labels>
                      </cell>
                      <cell id="{a0e58523-8eca-4f94-97e1-72cb82fa8e38}" showlabel="true" locklevel="0">
                        <labels>
                          <label description="" languagecode="1033" />
                        </labels>
                      </cell>
                    </row>
                  </rows>
                </section>
              </sections>
            </column>
          </columns>
        </tab>
      </tabs>
    </form>
    <IsCustomizable>1</IsCustomizable>
    <CanBeDeleted>1</CanBeDeleted>
    <LocalizedNames>
      <LocalizedName description="Information" languagecode="1033" />
    </LocalizedNames>
    <Descriptions>
      <Description description="A card form for this entity." languagecode="1033" />
    </Descriptions>
  </systemform>
</forms>