﻿<?xml version="1.0" encoding="utf-8"?>
<savedqueries xmlns:xsi="http://www.w3.org/2001/XMLSchema-instance">
  <savedquery>
    <IsCustomizable>1</IsCustomizable>
    <CanBeDeleted>0</CanBeDeleted>
    <isquickfindquery>0</isquickfindquery>
    <isprivate>0</isprivate>
    <isdefault>1</isdefault>
    <savedqueryid>{b781c364-4e21-4394-842c-738aa85cb3cb}</savedqueryid>
    <layoutxml>
      <grid name="mshied_scholarshipapplicants" jump="mshied_name" select="1" icon="1" preview="1">
        <row name="mshied_scholarshipapplicant" id="mshied_scholarshipapplicantid">
          <cell name="mshied_applicationstatecode" width="100" />
          <cell name="mshied_scholarship" width="200" />
          <cell name="mshied_submissiondate" width="100" />
          <cell name="mshied_offermadedate" width="100" />
          <cell name="mshied_offerdeadlinedate" width="100" />
          <cell name="mshied_offeraccepteddate" width="100" />
        </row>
      </grid>
    </layoutxml>
    <querytype>2</querytype>
    <fetchxml>
      <fetch version="1.0" mapping="logical">
        <entity name="mshied_scholarshipapplicant">
          <attribute name="mshied_scholarshipapplicantid" />
          <filter type="and">
            <condition attribute="statecode" operator="eq" value="0" />
          </filter>
          <attribute name="mshied_applicationstatecode" />
          <attribute name="mshied_scholarship" />
          <attribute name="mshied_submissiondate" />
          <attribute name="mshied_offermadedate" />
          <attribute name="mshied_offerdeadlinedate" />
          <attribute name="mshied_offeraccepteddate" />
        </entity>
      </fetch>
    </fetchxml>
    <IntroducedVersion>1.0.3.8</IntroducedVersion>
    <LocalizedNames>
      <LocalizedName description="Scholarship Applicant Associated View" languagecode="1033" />
    </LocalizedNames>
  </savedquery>
</savedqueries>