﻿<?xml version="1.0" encoding="utf-8"?>
<savedqueries xmlns:xsi="http://www.w3.org/2001/XMLSchema-instance">
  <savedquery>
    <IsCustomizable>1</IsCustomizable>
    <CanBeDeleted>0</CanBeDeleted>
    <isquickfindquery>0</isquickfindquery>
    <isprivate>0</isprivate>
    <isdefault>1</isdefault>
    <savedqueryid>{cd972464-acc5-4238-94a7-ad318b757cfb}</savedqueryid>
    <layoutxml>
      <grid name="mshied_scholarshipapplicants" jump="mshied_name" select="1" icon="1" preview="0">
        <row name="mshied_scholarshipapplicant" id="mshied_scholarshipapplicantid">
          <cell name="mshied_name" width="300" />
          <cell name="createdon" width="125" />
        </row>
      </grid>
    </layoutxml>
    <querytype>64</querytype>
    <fetchxml>
      <fetch version="1.0" mapping="logical">
        <entity name="mshied_scholarshipapplicant">
          <attribute name="mshied_scholarshipapplicantid" />
          <attribute name="mshied_name" />
          <attribute name="createdon" />
          <filter type="and">
            <condition attribute="statecode" operator="eq" value="0" />
          </filter>
        </entity>
      </fetch>
    </fetchxml>
    <IntroducedVersion>1.0.3.8</IntroducedVersion>
    <LocalizedNames>
      <LocalizedName description="Scholarship Applicant Lookup View" languagecode="1033" />
    </LocalizedNames>
  </savedquery>
</savedqueries>