﻿<?xml version="1.0" encoding="utf-8"?>
<visualization xmlns:xsi="http://www.w3.org/2001/XMLSchema-instance">
  <savedqueryvisualizationid>{7322B767-05DF-E911-A968-000D3A3B9825}</savedqueryvisualizationid>
  <datadescription>
    <datadefinition>
      <fetchcollection>
        <fetch mapping="logical" aggregate="true">
          <entity name="mshied_grantapplicant">
            <attribute name="mshied_applicationstatecode" groupby="true" alias="_CRMAutoGen_groupby_column_Num_0" />
            <attribute name="mshied_applicant" aggregate="count" alias="_CRMAutoGen_aggregate_column_Num_0" />
          </entity>
        </fetch>
      </fetchcollection>
      <categorycollection>
        <category alias="_CRMAutoGen_groupby_column_Num_0">
          <measurecollection>
            <measure alias="_CRMAutoGen_aggregate_column_Num_0" />
          </measurecollection>
        </category>
      </categorycollection>
    </datadefinition>
  </datadescription>
  <presentationdescription>
    <Chart Palette="None" PaletteCustomColors="91,151,213; 237,125,49; 160,116,166; 255,192,0; 68,114,196; 112,173,71; 37,94,145; 158,72,14; 117,55,125; 153,115,0; 38,68,120; 67,104,43; 124,175,221; 241,151,90; 186,144,192; 255,205,51; 105,142,208; 140,193,104; 50,125,194; 210,96,18; 150,83,159; 204,154,0; 51,90,161; 90,138,57;">
      <Series>
        <Series ShadowOffset="0" IsValueShownAsLabel="True" Font="{0}, 9.5px" LabelForeColor="59, 59, 59" CustomProperties="PieLabelStyle=Inside, PieDrawingStyle=Default" ChartType="pie">
          <SmartLabelStyle Enabled="True" />
        </Series>
      </Series>
      <ChartAreas>
        <ChartArea>
          <Area3DStyle Enable3D="false" />
        </ChartArea>
      </ChartAreas>
      <Legends>
        <Legend Alignment="Center" LegendStyle="Table" Docking="right" IsEquallySpacedItems="True" Font="{0}, 11px" ShadowColor="0, 0, 0, 0" ForeColor="59, 59, 59" />
      </Legends>
      <Titles>
        <Title Alignment="TopLeft" DockingOffset="-3" Font="{0}, 13px" ForeColor="0, 0, 0" />
      </Titles>
    </Chart>
  </presentationdescription>
  <isdefault>0</isdefault>
  <LocalizedNames>
    <LocalizedName description="Number of Students by Status" languagecode="1033" />
  </LocalizedNames>
  <IsCustomizable>1</IsCustomizable>
  <IntroducedVersion>2.0.3.0</IntroducedVersion>
  <CanBeDeleted>1</CanBeDeleted>
</visualization>