﻿<?xml version="1.0" encoding="utf-8"?>
<forms xmlns:xsi="http://www.w3.org/2001/XMLSchema-instance">
  <systemform>
    <formid>{5600d25a-db90-4213-afec-1d74b5a0c7fe}</formid>
    <IntroducedVersion>1.0.0.0</IntroducedVersion>
    <FormPresentation>1</FormPresentation>
    <FormActivationState>1</FormActivationState>
    <form shownavigationbar="true" showImage="false" maxWidth="1920">
      <tabs>
        <tab verticallayout="true" id="{4b75ba4f-3559-490a-9e42-c5cb1c265e9b}" IsUserDefined="1">
          <labels>
            <label description="General" languagecode="1033" />
          </labels>
          <columns>
            <column width="100%">
              <sections>
                <section showlabel="false" showbar="false" IsUserDefined="0" id="{f0f69490-3d31-416e-abbf-85185fd15004}">
                  <labels>
                    <label description="General" languagecode="1033" />
                  </labels>
                  <rows>
                    <row>
                      <cell id="{cfad07f8-0f23-4ab2-a076-d84a94cf73e6}">
                        <labels>
                          <label description="Program Name" languagecode="1033" />
                        </labels>
                        <control id="mshied_name" classid="{4273EDBD-AC1D-40d3-9FB2-095C621B552D}" datafieldname="mshied_name" />
                      </cell>
                    </row>
                    <row>
                      <cell id="{37b57f7d-4959-4d5a-a600-62d6dd1eb636}">
                        <labels>
                          <label description="Owner" languagecode="1033" />
                        </labels>
                        <control id="ownerid" classid="{270BD3DB-D9AF-4782-9025-509E298DEC0A}" datafieldname="ownerid" />
                      </cell>
                    </row>
                    <row>
                      <cell id="{183c10dd-173d-c484-e0b7-5424baa93612}" showlabel="true" locklevel="0">
                        <labels>
                          <label description="Code" languagecode="1033" />
                        </labels>
                        <control id="mshied_code" classid="{4273EDBD-AC1D-40d3-9FB2-095C621B552D}" datafieldname="mshied_code" disabled="false" />
                      </cell>
                    </row>
                  </rows>
                </section>
              </sections>
            </column>
          </columns>
        </tab>
        <tab name="ExternalInformation" id="{db0beba6-683e-7179-1132-eeaca96d5b33}" IsUserDefined="0" locklevel="0" showlabel="true" expanded="true">
          <labels>
            <label description="External Information" languagecode="1033" />
          </labels>
          <columns>
            <column width="100%">
              <sections>
                <section name="tab_2_section_1" showlabel="false" showbar="false" locklevel="0" id="{1a9e3779-6972-d444-6a95-29047ea6430d}" IsUserDefined="0" layout="varwidth" columns="1" labelwidth="115">
                  <labels>
                    <label description="Section" languagecode="1033" />
                  </labels>
                  <rows>
                    <row>
                      <cell id="{6447b1b6-7c8d-1bc6-4a1c-c5a7c92928c4}" showlabel="true" locklevel="0">
                        <labels>
                          <label description="External Identifier" languagecode="1033" />
                        </labels>
                        <control id="mshied_externalidentifier" classid="{4273EDBD-AC1D-40d3-9FB2-095C621B552D}" datafieldname="mshied_externalidentifier" disabled="false" />
                      </cell>
                    </row>
                    <row>
                      <cell id="{153e1386-6ee7-0b08-539c-a6182e30594a}" showlabel="true" locklevel="0">
                        <labels>
                          <label description="External Source System" languagecode="1033" />
                        </labels>
                        <control id="mshied_externalsourcesystem" classid="{3EF39988-22BB-4f0b-BBBE-64B5A3748AEE}" datafieldname="mshied_externalsourcesystem" disabled="false" />
                      </cell>
                    </row>
                  </rows>
                </section>
              </sections>
            </column>
          </columns>
        </tab>
      </tabs>
      <Navigation>
        <NavBar></NavBar>
        <NavBarAreas>
          <NavBarArea Id="Info">
            <Titles>
              <Title LCID="1033" Text="Common" />
            </Titles>
          </NavBarArea>
          <NavBarArea Id="Sales">
            <Titles>
              <Title LCID="1033" Text="Sales" />
            </Titles>
          </NavBarArea>
          <NavBarArea Id="Service">
            <Titles>
              <Title LCID="1033" Text="Service" />
            </Titles>
          </NavBarArea>
          <NavBarArea Id="Marketing">
            <Titles>
              <Title LCID="1033" Text="Marketing" />
            </Titles>
          </NavBarArea>
          <NavBarArea Id="ProcessCenter">
            <Titles>
              <Title LCID="1033" Text="Process Sessions" />
            </Titles>
          </NavBarArea>
        </NavBarAreas>
      </Navigation>
    </form>
    <IsCustomizable>1</IsCustomizable>
    <CanBeDeleted>1</CanBeDeleted>
    <LocalizedNames>
      <LocalizedName description="Higher Education Program Form" languagecode="1033" />
    </LocalizedNames>
    <Descriptions>
      <Description description="Higher Education Program Form" languagecode="1033" />
    </Descriptions>
  </systemform>
</forms>