﻿<?xml version="1.0" encoding="utf-8"?>
<savedqueries xmlns:xsi="http://www.w3.org/2001/XMLSchema-instance">
  <savedquery>
    <IsCustomizable>1</IsCustomizable>
    <CanBeDeleted>0</CanBeDeleted>
    <isquickfindquery>0</isquickfindquery>
    <isprivate>0</isprivate>
    <isdefault>1</isdefault>
    <savedqueryid>{95949bd7-a0e3-4660-ad67-117ddbae0ab7}</savedqueryid>
    <layoutxml>
      <grid name="resultset" jump="mshied_name" select="1" icon="1" preview="1">
        <row name="result" id="mshied_areaofstudyid">
          <cell name="mshied_name" width="200" imageproviderfunctionname="" imageproviderwebresource="$webresource:" />
          <cell name="mshied_code" width="100" />
          <cell name="mshied_programtypeid" width="100" />
          <cell name="mshied_requiredcredits" width="100" />
        </row>
      </grid>
    </layoutxml>
    <querytype>1</querytype>
    <fetchxml>
      <fetch version="1.0" mapping="logical">
        <entity name="mshied_areaofstudy">
          <attribute name="mshied_areaofstudyid" />
          <attribute name="mshied_name" />
          <attribute name="mshied_requiredcredits" />
          <attribute name="mshied_programtypeid" />
          <attribute name="mshied_code" />
          <order attribute="mshied_name" descending="false" />
        </entity>
      </fetch>
    </fetchxml>
    <IntroducedVersion>1.0.0.0</IntroducedVersion>
    <LocalizedNames>
      <LocalizedName description="Area of Study Advanced Find View" languagecode="1033" />
    </LocalizedNames>
  </savedquery>
</savedqueries>