﻿<?xml version="1.0" encoding="utf-8"?>
<forms xmlns:xsi="http://www.w3.org/2001/XMLSchema-instance">
  <systemform>
    <formid>{fd9ab5c4-8adc-414e-9b53-dbdcfc551f75}</formid>
    <IntroducedVersion>1.0.3.8</IntroducedVersion>
    <FormPresentation>1</FormPresentation>
    <FormActivationState>1</FormActivationState>
    <form>
      <tabs>
        <tab name="tab_2" id="{120ae7ce-4c01-08d7-4b79-e3b870d686a0}" IsUserDefined="0" locklevel="0" showlabel="true" expanded="true">
          <labels>
            <label description="General" languagecode="1033" />
          </labels>
          <columns>
            <column width="100%">
              <sections>
                <section name="tab_2_section_2" showlabel="true" showbar="true" locklevel="0" id="{d473b4ae-3c15-6e4b-0d0d-d20483caac1e}" IsUserDefined="0" layout="varwidth" columns="11" labelwidth="115" celllabelalignment="Left" celllabelposition="Left">
                  <labels>
                    <label description="Scholarship Applicant Information" languagecode="1033" />
                  </labels>
                  <rows>
                    <row>
                      <cell id="{7b069cb9-e102-4b8a-a5b3-d4408a8b9d7e}">
                        <labels>
                          <label description="Name" languagecode="1033" />
                        </labels>
                        <control id="mshied_name" classid="{4273EDBD-AC1D-40d3-9FB2-095C621B552D}" datafieldname="mshied_name" />
                      </cell>
                      <cell id="{218c8131-588e-8276-0cb6-6e5b44d4ae55}" showlabel="true" locklevel="0">
                        <labels>
                          <label description="Submission Date" languagecode="1033" />
                        </labels>
                        <control id="mshied_submissiondate" classid="{5B773807-9FB2-42db-97C3-7A91EFF8ADFF}" datafieldname="mshied_submissiondate" disabled="false" />
                      </cell>
                    </row>
                    <row>
                      <cell id="{d21033bb-1185-57ce-5440-2716711e6011}" showlabel="true" locklevel="0">
                        <labels>
                          <label description="Application State Code" languagecode="1033" />
                        </labels>
                        <control id="mshied_applicationstatecode" classid="{3EF39988-22BB-4f0b-BBBE-64B5A3748AEE}" datafieldname="mshied_applicationstatecode" disabled="false" />
                      </cell>
                      <cell id="{99bb0857-2e23-35d3-ab49-07cc578a8053}" showlabel="true" locklevel="0">
                        <labels>
                          <label description="Offer Made Date" languagecode="1033" />
                        </labels>
                        <control id="mshied_offermadedate" classid="{5B773807-9FB2-42db-97C3-7A91EFF8ADFF}" datafieldname="mshied_offermadedate" disabled="false" />
                      </cell>
                    </row>
                    <row>
                      <cell id="{6a9309e0-3205-1dd6-a152-3ca5a5e307c2}" showlabel="true" locklevel="0">
                        <labels>
                          <label description="Scholarship" languagecode="1033" />
                        </labels>
                        <control id="mshied_scholarship" classid="{270BD3DB-D9AF-4782-9025-509E298DEC0A}" datafieldname="mshied_scholarship" disabled="false" />
                      </cell>
                      <cell id="{d966be64-c1a6-827d-202c-0075d83a5d39}" showlabel="true" locklevel="0">
                        <labels>
                          <label description="Offer Deadline Date" languagecode="1033" />
                        </labels>
                        <control id="mshied_offerdeadlinedate" classid="{5B773807-9FB2-42db-97C3-7A91EFF8ADFF}" datafieldname="mshied_offerdeadlinedate" disabled="false" />
                      </cell>
                    </row>
                    <row>
                      <cell id="{4a6a9598-81d9-c089-c011-4b37b21b6ca0}" showlabel="true" locklevel="0">
                        <labels>
                          <label description="Applicant" languagecode="1033" />
                        </labels>
                        <control id="mshied_applicant" classid="{270BD3DB-D9AF-4782-9025-509E298DEC0A}" datafieldname="mshied_applicant" disabled="false" />
                      </cell>
                      <cell id="{75a00132-5157-d1cd-4483-965e05ca9607}" showlabel="true" locklevel="0">
                        <labels>
                          <label description="Offer Accepted Date" languagecode="1033" />
                        </labels>
                        <control id="mshied_offeraccepteddate" classid="{5B773807-9FB2-42db-97C3-7A91EFF8ADFF}" datafieldname="mshied_offeraccepteddate" disabled="false" />
                      </cell>
                    </row>
                    <row>
                      <cell id="{8dee5403-a678-e1a1-0c53-ac8e74bd25e2}" showlabel="true" locklevel="0">
                        <labels>
                          <label description="Business Partner" languagecode="1033" />
                        </labels>
                        <control id="mshied_businesspartner" classid="{270BD3DB-D9AF-4782-9025-509E298DEC0A}" datafieldname="mshied_businesspartner" disabled="false" />
                      </cell>
                      <cell id="{25b1cbed-52b2-9de6-6553-7eb98be088c5}" showlabel="false">
                        <labels>
                          <label description="" languagecode="1033" />
                        </labels>
                      </cell>
                    </row>
                  </rows>
                </section>
                <section name="tab_2_section_3" showlabel="true" showbar="true" locklevel="0" id="{b391a1bd-cc6a-dca2-1937-76a867d7ea9d}" IsUserDefined="0" layout="varwidth" columns="1" labelwidth="115" celllabelalignment="Left" celllabelposition="Left">
                  <labels>
                    <label description="Details" languagecode="1033" />
                  </labels>
                  <rows>
                    <row>
                      <cell id="{32275767-d308-8445-1c54-63172e45c674}" showlabel="true" locklevel="0">
                        <labels>
                          <label description="Qualification Description" languagecode="1033" />
                        </labels>
                        <control id="mshied_qualificationdescription" classid="{E0DECE4B-6FC8-4a8f-A065-082708572369}" datafieldname="mshied_qualificationdescription" disabled="false" />
                      </cell>
                    </row>
                  </rows>
                </section>
              </sections>
            </column>
          </columns>
        </tab>
      </tabs>
      <header id="{b0ea92f6-b140-4219-9c63-0a83894d7d4b}" columns="111">
        <rows>
          <row>
            <cell id="{91108bb5-570b-4d75-8c14-7dcc69596911}">
              <labels>
                <label description="" languagecode="1033" />
              </labels>
            </cell>
            <cell id="{df2e15d7-46c0-492f-90d3-54dcfa4151d5}">
              <labels>
                <label description="" languagecode="1033" />
              </labels>
            </cell>
            <cell id="{7393abdc-c0ee-994d-bb17-ebbb5e944c29}" showlabel="true" locklevel="0">
              <labels>
                <label description="Owner" languagecode="1033" />
              </labels>
              <control id="header_ownerid" classid="{270BD3DB-D9AF-4782-9025-509E298DEC0A}" datafieldname="ownerid" disabled="false" />
            </cell>
          </row>
        </rows>
      </header>
      <Navigation>
        <NavBar></NavBar>
        <NavBarAreas>
          <NavBarArea Id="Info">
            <Titles>
              <Title LCID="1033" Text="Common" />
            </Titles>
          </NavBarArea>
          <NavBarArea Id="Sales">
            <Titles>
              <Title LCID="1033" Text="Sales" />
            </Titles>
          </NavBarArea>
          <NavBarArea Id="Service">
            <Titles>
              <Title LCID="1033" Text="Service" />
            </Titles>
          </NavBarArea>
          <NavBarArea Id="Marketing">
            <Titles>
              <Title LCID="1033" Text="Marketing" />
            </Titles>
          </NavBarArea>
          <NavBarArea Id="ProcessCenter">
            <Titles>
              <Title LCID="1033" Text="Process Sessions" />
            </Titles>
          </NavBarArea>
        </NavBarAreas>
      </Navigation>
    </form>
    <IsCustomizable>1</IsCustomizable>
    <CanBeDeleted>1</CanBeDeleted>
    <LocalizedNames>
      <LocalizedName description="Information" languagecode="1033" />
    </LocalizedNames>
    <Descriptions>
      <Description description="A form for this entity." languagecode="1033" />
    </Descriptions>
  </systemform>
</forms>