﻿<?xml version="1.0" encoding="utf-8"?>
<forms xmlns:xsi="http://www.w3.org/2001/XMLSchema-instance">
  <systemform>
    <formid>{ef140875-b7e7-4469-809c-5f4ab700b1d1}</formid>
    <IntroducedVersion>1.0.0.7</IntroducedVersion>
    <FormPresentation>1</FormPresentation>
    <FormActivationState>1</FormActivationState>
    <form shownavigationbar="true" showImage="false" maxWidth="1920">
      <hiddencontrols>
        <data id="parentid" datafieldname="parentid" classid="{5546E6CD-394C-4bee-94A8-4425E17EF6C6}" />
        <data id="objecttypecode" datafieldname="objecttypecode" classid="{5546E6CD-394C-4bee-94A8-4425E17EF6C6}" />
        <data id="addressnumber" datafieldname="addressnumber" classid="{5546E6CD-394C-4bee-94A8-4425E17EF6C6}" />
      </hiddencontrols>
      <tabs>
        <tab name="general" verticallayout="true" id="{7a1719bc-52d2-415f-add9-c47470e362c2}" IsUserDefined="0" labelid="{56540ed3-c9bc-4605-8dd2-41236498b6dd}">
          <labels>
            <label description="General" languagecode="1033" />
          </labels>
          <columns>
            <column width="100%">
              <sections>
                <section name="customer address information" showlabel="false" showbar="false" id="{e94c2d90-e386-47a5-bc0e-23659c114b80}" IsUserDefined="0" labelid="{dbeed6aa-b404-44cf-a51e-96992672b07a}">
                  <labels>
                    <label description="Customer Address Information" languagecode="1033" />
                  </labels>
                  <rows>
                    <row>
                      <cell id="{68f0d6ff-0937-420d-bfec-3015d0508ff3}" labelid="{c25e8370-4aa8-4e50-a2d1-7c047c937927}">
                        <labels>
                          <label description="Address Name" languagecode="1033" />
                        </labels>
                        <control id="name" classid="{4273EDBD-AC1D-40d3-9FB2-095C621B552D}" datafieldname="name" />
                      </cell>
                      <cell id="{5c910bec-c2c1-46d3-95b2-99d66479f773}" labelid="{36135be4-8921-450c-ba49-2b626cd8e57c}">
                        <labels>
                          <label description="ZIP/Postal Code" languagecode="1033" />
                        </labels>
                        <control id="postalcode" classid="{4273EDBD-AC1D-40d3-9FB2-095C621B552D}" datafieldname="postalcode" />
                      </cell>
                    </row>
                    <row>
                      <cell id="{fb53851a-8ffc-4c1e-97ce-d5e64b605254}" labelid="{d8a9da07-4503-4740-9a2d-d7bc3d5ec4d7}">
                        <labels>
                          <label description="Street 1" languagecode="1033" />
                        </labels>
                        <control id="line1" classid="{4273EDBD-AC1D-40d3-9FB2-095C621B552D}" datafieldname="line1" />
                      </cell>
                      <cell id="{2894e481-8da5-4145-a845-36f2f1df23fa}" labelid="{c531e2d2-8edf-4cbd-9efc-4a8efe41ffdc}">
                        <labels>
                          <label description="Country/Region" languagecode="1033" />
                        </labels>
                        <control id="country" classid="{4273EDBD-AC1D-40d3-9FB2-095C621B552D}" datafieldname="country" />
                      </cell>
                    </row>
                    <row>
                      <cell id="{8f23fa12-5b1c-4e2b-a293-2057f43a17fd}" labelid="{49dc06bd-7a8b-4073-93f3-707a5f11526e}">
                        <labels>
                          <label description="Street 2" languagecode="1033" />
                        </labels>
                        <control id="line2" classid="{4273EDBD-AC1D-40d3-9FB2-095C621B552D}" datafieldname="line2" />
                      </cell>
                      <cell id="{b465b9e0-55be-9c50-93b4-7181c8a03249}" showlabel="true" locklevel="0" labelid="{814d88ec-90ac-47e9-a298-43e501b0fc14}">
                        <labels>
                          <label description="Start Date" languagecode="1033" />
                        </labels>
                        <control id="mshied_startdate" classid="{5B773807-9FB2-42db-97C3-7A91EFF8ADFF}" datafieldname="mshied_startdate" disabled="false" />
                      </cell>
                    </row>
                    <row>
                      <cell id="{7d000d48-788c-41a2-8bcf-7e214de02e29}" labelid="{693d730f-c025-4965-9fc0-6ecb8d0b2a40}">
                        <labels>
                          <label description="Street 3" languagecode="1033" />
                        </labels>
                        <control id="line3" classid="{4273EDBD-AC1D-40d3-9FB2-095C621B552D}" datafieldname="line3" />
                      </cell>
                      <cell id="{bc3cdd41-c21d-6562-e09d-e591cb6e0784}" showlabel="true" locklevel="0" labelid="{93c2ec6b-120d-4c78-a9cf-33d78485a2a4}">
                        <labels>
                          <label description="End Date" languagecode="1033" />
                        </labels>
                        <control id="mshied_enddate" classid="{5B773807-9FB2-42db-97C3-7A91EFF8ADFF}" datafieldname="mshied_enddate" disabled="false" />
                      </cell>
                    </row>
                    <row>
                      <cell id="{701889c5-da1f-409a-af48-4fd46c7b4045}" labelid="{a3f74a60-1143-4376-b61a-252ab95bcb2c}">
                        <labels>
                          <label description="City" languagecode="1033" />
                        </labels>
                        <control id="city" classid="{4273EDBD-AC1D-40d3-9FB2-095C621B552D}" datafieldname="city" />
                      </cell>
                      <cell id="{30161a75-fc6f-47af-93c7-e03f0597e9f8}" labelid="{4015de75-7b74-496e-aacf-9193dcad333a}">
                        <labels>
                          <label description="Address Type" languagecode="1033" />
                        </labels>
                        <control id="addresstypecode" classid="{3EF39988-22BB-4f0b-BBBE-64B5A3748AEE}" datafieldname="addresstypecode" />
                      </cell>
                    </row>
                    <row>
                      <cell id="{384843ec-9348-4ddd-902d-0a658402ed7b}" labelid="{8e612f5c-4f01-40fe-a801-a15b4d7aad68}">
                        <labels>
                          <label description="State/Province" languagecode="1033" />
                        </labels>
                        <control id="stateorprovince" classid="{4273EDBD-AC1D-40d3-9FB2-095C621B552D}" datafieldname="stateorprovince" />
                      </cell>
                      <cell id="{2b832e81-7a53-4b7d-9207-9e3e7626de8b}" showlabel="true" locklevel="0" labelid="{243073f1-025e-4290-88a3-56a5c4c143cd}">
                        <labels>
                          <label description="Mail Type" languagecode="1033" />
                        </labels>
                        <control id="mshied_mailtype" classid="{3EF39988-22BB-4f0b-BBBE-64B5A3748AEE}" datafieldname="mshied_mailtype" disabled="false" />
                      </cell>
                    </row>
                  </rows>
                </section>
                <section name="phone numbers" showlabel="true" showbar="true" id="{fd35da8d-5a6b-4302-bf66-009daf60f42b}" IsUserDefined="0" labelid="{5e6a8b61-5f0e-4577-8a30-ce5fed13003b}">
                  <labels>
                    <label description="Phone Numbers" languagecode="1033" />
                  </labels>
                  <rows>
                    <row>
                      <cell id="{4c2e84c2-dc5a-4547-b249-0a08fcdf306d}" labelid="{e6dfde10-c09b-43aa-94a8-ac638bd3f3e8}">
                        <labels>
                          <label description="Main Phone" languagecode="1033" />
                        </labels>
                        <control id="telephone1" classid="{4273EDBD-AC1D-40d3-9FB2-095C621B552D}" datafieldname="telephone1" />
                      </cell>
                      <cell id="{883698dc-8489-428a-89f2-f6ac490bc9af}" labelid="{f72120e5-f3ac-44aa-b8f1-b269a2679752}">
                        <labels>
                          <label description="Fax" languagecode="1033" />
                        </labels>
                        <control id="fax" classid="{4273EDBD-AC1D-40d3-9FB2-095C621B552D}" datafieldname="fax" />
                      </cell>
                    </row>
                    <row>
                      <cell id="{7002665b-441b-4e66-bdb2-d545f31418b4}" labelid="{2aae82df-94ab-4240-a163-e7381df69a4c}">
                        <labels>
                          <label description="Phone 2" languagecode="1033" />
                        </labels>
                        <control id="telephone2" classid="{4273EDBD-AC1D-40d3-9FB2-095C621B552D}" datafieldname="telephone2" />
                      </cell>
                      <cell id="{6d915df1-ae01-463b-a735-e8850bc58e63}" showlabel="false" labelid="{74dd0ce9-691e-43a3-a218-acb260c78c7b}">
                        <labels>
                          <label description="" languagecode="1033" />
                        </labels>
                      </cell>
                    </row>
                  </rows>
                </section>
                <section name="additional information" showlabel="true" showbar="true" id="{98042d80-87b4-48e5-98fe-843d9c804bf4}" IsUserDefined="0" labelid="{09597e0f-72ea-469c-9693-5a05cc5cc54d}">
                  <labels>
                    <label description="Additional Information" languagecode="1033" />
                  </labels>
                  <rows>
                    <row>
                      <cell id="{58cb20e5-1ab0-4d96-ab91-f6bd17a43d37}" labelid="{832b62fb-f677-4823-b8bd-7d1f98ff94a8}">
                        <labels>
                          <label description="Shipping Method" languagecode="1033" />
                        </labels>
                        <control id="shippingmethodcode" classid="{3EF39988-22BB-4f0b-BBBE-64B5A3748AEE}" datafieldname="shippingmethodcode" />
                      </cell>
                      <cell id="{22e101d2-bb9d-40fa-9492-ad35a60f93e0}" labelid="{90d71b89-83d6-4e91-b0d9-342cd59093f2}">
                        <labels>
                          <label description="Address Contact" languagecode="1033" />
                        </labels>
                        <control id="primarycontactname" classid="{4273EDBD-AC1D-40d3-9FB2-095C621B552D}" datafieldname="primarycontactname" />
                      </cell>
                    </row>
                    <row>
                      <cell id="{f5563e02-f303-4d9c-b794-3c9b0dd24a5c}" labelid="{c6d6a63a-1427-4ddb-b2a6-d8b663ab9aa7}">
                        <labels>
                          <label description="Freight Terms" languagecode="1033" />
                        </labels>
                        <control id="freighttermscode" classid="{3EF39988-22BB-4f0b-BBBE-64B5A3748AEE}" datafieldname="freighttermscode" />
                      </cell>
                      <cell id="{8073d79b-05e9-4a3f-9278-577fae9f9bb0}" showlabel="false" labelid="{0e7daff9-9b76-4e67-9fff-06648e737ecb}">
                        <labels>
                          <label description="" languagecode="1033" />
                        </labels>
                      </cell>
                    </row>
                  </rows>
                </section>
              </sections>
            </column>
          </columns>
        </tab>
        <tab name="ExternalInformation" id="{6011c0e6-0662-a387-775b-54ec62073c07}" IsUserDefined="0" locklevel="0" showlabel="true" expanded="true" labelid="{a781c1bc-70de-48b1-bf36-51fe5c292cb9}">
          <labels>
            <label description="External Information" languagecode="1033" />
          </labels>
          <columns>
            <column width="100%">
              <sections>
                <section name="tab_2_section_1" showlabel="false" showbar="false" locklevel="0" id="{29709905-0c57-288a-1d44-c48d24e2250e}" IsUserDefined="0" layout="varwidth" columns="1" labelwidth="115" labelid="{7dd46eb1-b952-4e49-9153-b4ff9d5a30a3}">
                  <labels>
                    <label description="Section" languagecode="1033" />
                  </labels>
                  <rows>
                    <row>
                      <cell id="{b89e4a20-a678-aae0-997a-976243b2acdd}" showlabel="true" locklevel="0" labelid="{a663007a-80b5-4be9-99e5-3b8762f41ce0}">
                        <labels>
                          <label description="External Identifier" languagecode="1033" />
                        </labels>
                        <control id="mshied_externalidentifier" classid="{4273EDBD-AC1D-40d3-9FB2-095C621B552D}" datafieldname="mshied_externalidentifier" disabled="false" />
                      </cell>
                    </row>
                    <row>
                      <cell id="{04515ab5-4288-317c-3b5c-9ee1b365228c}" showlabel="true" locklevel="0" labelid="{cdca37ee-a549-43be-8018-3c5a46acb3c7}">
                        <labels>
                          <label description="External Source System" languagecode="1033" />
                        </labels>
                        <control id="mshied_externalsourcesystem" classid="{3EF39988-22BB-4f0b-BBBE-64B5A3748AEE}" datafieldname="mshied_externalsourcesystem" disabled="false" />
                      </cell>
                    </row>
                  </rows>
                </section>
              </sections>
            </column>
          </columns>
        </tab>
      </tabs>
      <Navigation>
        <NavBar></NavBar>
        <NavBarAreas>
          <NavBarArea Id="Info">
            <Titles>
              <Title LCID="1033" Text="Common" />
            </Titles>
          </NavBarArea>
          <NavBarArea Id="Sales">
            <Titles>
              <Title LCID="1033" Text="Sales" />
            </Titles>
          </NavBarArea>
          <NavBarArea Id="Service">
            <Titles>
              <Title LCID="1033" Text="Service" />
            </Titles>
          </NavBarArea>
          <NavBarArea Id="Marketing">
            <Titles>
              <Title LCID="1033" Text="Marketing" />
            </Titles>
          </NavBarArea>
          <NavBarArea Id="ProcessCenter">
            <Titles>
              <Title LCID="1033" Text="Process Sessions" />
            </Titles>
          </NavBarArea>
        </NavBarAreas>
      </Navigation>
      <DisplayConditions Order="1">
        <Role Id="{627090ff-40a3-4053-8790-584edc5be201}" />
        <Role Id="{119f245c-3cc8-4b62-b31c-d1a046ced15d}" />
      </DisplayConditions>
    </form>
    <IsCustomizable>1</IsCustomizable>
    <CanBeDeleted>1</CanBeDeleted>
    <LocalizedNames>
      <LocalizedName description="Higher Education Address Form" languagecode="1033" />
    </LocalizedNames>
    <Descriptions>
      <Description description="Higher Education Address Form" languagecode="1033" />
    </Descriptions>
  </systemform>
</forms>