﻿<?xml version="1.0" encoding="utf-8"?>
<forms xmlns:xsi="http://www.w3.org/2001/XMLSchema-instance">
  <systemform>
    <formid>{0028f222-56d9-439f-b572-423649cf3d29}</formid>
    <IntroducedVersion>1.0.3.8</IntroducedVersion>
    <FormPresentation>1</FormPresentation>
    <FormActivationState>1</FormActivationState>
    <form>
      <tabs>
        <tab verticallayout="true" id="{bf68a1cf-c581-4716-90bb-ae99a255f9c3}" IsUserDefined="1">
          <labels>
            <label description="General" languagecode="1033" />
          </labels>
          <columns>
            <column width="100%">
              <sections>
                <section name="{bf68a1cf-c581-4716-90bb-ae99a255f9c3}_section_3" showlabel="true" showbar="true" locklevel="0" id="{33e2401e-9932-61aa-b8cc-ec662446cc3c}" IsUserDefined="0" layout="varwidth" columns="11" labelwidth="115" celllabelalignment="Left" celllabelposition="Left">
                  <labels>
                    <label description="Accomplishment Information" languagecode="1033" />
                  </labels>
                  <rows>
                    <row>
                      <cell id="{9a4a1e23-c9a1-45e2-ac4c-6cc87bfd82e6}">
                        <labels>
                          <label description="Accomplishment Name" languagecode="1033" />
                        </labels>
                        <control id="mshied_name" classid="{4273EDBD-AC1D-40d3-9FB2-095C621B552D}" datafieldname="mshied_name" />
                      </cell>
                      <cell id="{7de1c3c8-d057-ec22-9672-b1ce71cd9660}" showlabel="true" locklevel="0">
                        <labels>
                          <label description="Accomplishment Type" languagecode="1033" />
                        </labels>
                        <control id="mshied_accomplishmenttype" classid="{3EF39988-22BB-4f0b-BBBE-64B5A3748AEE}" datafieldname="mshied_accomplishmenttype" disabled="false" />
                      </cell>
                    </row>
                  </rows>
                </section>
                <section name="{bf68a1cf-c581-4716-90bb-ae99a255f9c3}_section_2" showlabel="true" showbar="true" locklevel="0" id="{2771caa0-9450-4785-b3a7-3d7b92435c2c}" IsUserDefined="0" layout="varwidth" columns="1" labelwidth="115" celllabelalignment="Left" celllabelposition="Left">
                  <labels>
                    <label description="Details" languagecode="1033" />
                  </labels>
                  <rows>
                    <row>
                      <cell id="{7500bec8-1a79-1579-9d77-c5252713c4b4}" showlabel="true" locklevel="0">
                        <labels>
                          <label description="Description" languagecode="1033" />
                        </labels>
                        <control id="mshied_description" classid="{E0DECE4B-6FC8-4a8f-A065-082708572369}" datafieldname="mshied_description" disabled="false" />
                      </cell>
                    </row>
                  </rows>
                </section>
              </sections>
            </column>
          </columns>
        </tab>
      </tabs>
      <header id="{0828d8ba-7425-4330-9613-d5b6fe3df740}" columns="111">
        <rows>
          <row>
            <cell id="{8129ffd8-0cb2-4d62-ae33-d70fd9d7af55}">
              <labels>
                <label description="" languagecode="1033" />
              </labels>
            </cell>
            <cell id="{bf15d862-f0fd-4cd8-a915-fed8624a6612}">
              <labels>
                <label description="" languagecode="1033" />
              </labels>
            </cell>
            <cell id="{4483cacc-ab3e-cd64-57a0-6c55d8505831}" showlabel="true" locklevel="0">
              <labels>
                <label description="Owner" languagecode="1033" />
              </labels>
              <control id="header_ownerid" classid="{270BD3DB-D9AF-4782-9025-509E298DEC0A}" datafieldname="ownerid" disabled="false" />
            </cell>
          </row>
        </rows>
      </header>
      <Navigation>
        <NavBar></NavBar>
        <NavBarAreas>
          <NavBarArea Id="Info">
            <Titles>
              <Title LCID="1033" Text="Common" />
            </Titles>
          </NavBarArea>
          <NavBarArea Id="Sales">
            <Titles>
              <Title LCID="1033" Text="Sales" />
            </Titles>
          </NavBarArea>
          <NavBarArea Id="Service">
            <Titles>
              <Title LCID="1033" Text="Service" />
            </Titles>
          </NavBarArea>
          <NavBarArea Id="Marketing">
            <Titles>
              <Title LCID="1033" Text="Marketing" />
            </Titles>
          </NavBarArea>
          <NavBarArea Id="ProcessCenter">
            <Titles>
              <Title LCID="1033" Text="Process Sessions" />
            </Titles>
          </NavBarArea>
        </NavBarAreas>
      </Navigation>
    </form>
    <IsCustomizable>1</IsCustomizable>
    <CanBeDeleted>1</CanBeDeleted>
    <LocalizedNames>
      <LocalizedName description="Information" languagecode="1033" />
    </LocalizedNames>
    <Descriptions>
      <Description description="A form for this entity." languagecode="1033" />
    </Descriptions>
  </systemform>
</forms>