﻿<?xml version="1.0" encoding="utf-8"?>
<savedqueries xmlns:xsi="http://www.w3.org/2001/XMLSchema-instance">
  <savedquery>
    <IsCustomizable>1</IsCustomizable>
    <CanBeDeleted>1</CanBeDeleted>
    <isquickfindquery>0</isquickfindquery>
    <isprivate>0</isprivate>
    <isdefault>0</isdefault>
    <savedqueryid>{1cb85c29-95cc-e811-a96b-000d3a1c5716}</savedqueryid>
    <layoutxml>
      <grid name="resultset" jump="fullname" select="1" icon="1" preview="1">
        <row name="result" id="contactid">
          <cell name="mshied_contacttype" width="100" disableSorting="1" />
          <cell name="fullname" width="300" />
          <cell name="emailaddress1" width="150" />
        </row>
      </grid>
    </layoutxml>
    <querytype>0</querytype>
    <fetchxml>
      <fetch version="1.0" output-format="xml-platform" mapping="logical" distinct="false">
        <entity name="contact">
          <attribute name="fullname" />
          <attribute name="emailaddress1" />
          <attribute name="mshied_contacttype" />
          <order attribute="fullname" descending="false" />
          <filter type="and">
            <condition attribute="statecode" operator="eq" value="0" />
            <filter type="or">
              <condition attribute="mshied_contacttype" operator="eq" value="494280002" />
              <condition attribute="mshied_contacttype" operator="eq" value="494280001" />
            </filter>
          </filter>
          <attribute name="contactid" />
        </entity>
      </fetch>
    </fetchxml>
    <IntroducedVersion>1.0.0.8</IntroducedVersion>
    <LocalizedNames>
      <LocalizedName description="Active Donors and Alumni" languagecode="1033" />
    </LocalizedNames>
  </savedquery>
</savedqueries>