﻿<?xml version="1.0" encoding="utf-8"?>
<savedqueries xmlns:xsi="http://www.w3.org/2001/XMLSchema-instance">
  <savedquery>
    <IsCustomizable>1</IsCustomizable>
    <CanBeDeleted>1</CanBeDeleted>
    <isquickfindquery>0</isquickfindquery>
    <isprivate>0</isprivate>
    <isdefault>1</isdefault>
    <savedqueryid>{ae88af10-95cc-e811-a96b-000d3a1c5716}</savedqueryid>
    <layoutxml>
      <grid name="resultset" jump="fullname" select="1" icon="1" preview="1">
        <row name="result" id="contactid">
          <cell name="fullname" width="200" imageproviderfunctionname="" imageproviderwebresource="$webresource:" />
          <cell name="address1_city" width="100" />
          <cell name="emailaddress1" width="150" />
          <cell name="mshied_studentstatusid" width="100" />
          <cell name="mshied_currentacademicperiodid" width="150" imageproviderfunctionname="" imageproviderwebresource="$webresource:" />
          <cell name="mshied_currentprogramid" width="200" imageproviderfunctionname="" imageproviderwebresource="$webresource:" />
          <cell name="mshied_currentprogramlevelid" width="200" imageproviderfunctionname="" imageproviderwebresource="$webresource:" />
          <cell name="mshied_firstgeneration" width="100" />
          <cell name="mshied_legacy" width="100" />
        </row>
      </grid>
    </layoutxml>
    <querytype>0</querytype>
    <fetchxml>
      <fetch version="1.0" output-format="xml-platform" mapping="logical" distinct="false">
        <entity name="contact">
          <attribute name="fullname" />
          <attribute name="emailaddress1" />
          <order attribute="fullname" descending="false" />
          <filter type="and">
            <condition attribute="statecode" operator="eq" value="0" />
            <condition attribute="mshied_contacttype" operator="eq" value="494280011" />
          </filter>
          <attribute name="mshied_studentstatusid" />
          <attribute name="mshied_currentprogramlevelid" />
          <attribute name="mshied_currentprogramid" />
          <attribute name="mshied_currentacademicperiodid" />
          <attribute name="mshied_legacy" />
          <attribute name="mshied_firstgeneration" />
          <attribute name="address1_city" />
          <attribute name="contactid" />
        </entity>
      </fetch>
    </fetchxml>
    <IntroducedVersion>1.0.0.8</IntroducedVersion>
    <LocalizedNames>
      <LocalizedName description="Active Students" languagecode="1033" />
    </LocalizedNames>
  </savedquery>
</savedqueries>