﻿<?xml version="1.0" encoding="utf-8"?>
<forms xmlns:xsi="http://www.w3.org/2001/XMLSchema-instance">
  <systemform>
    <formid>{2810d33d-ee9a-4d4b-8711-0a8efc6184ed}</formid>
    <IntroducedVersion>1.0.0.0</IntroducedVersion>
    <FormPresentation>1</FormPresentation>
    <FormActivationState>1</FormActivationState>
    <form shownavigationbar="true" showImage="false" maxWidth="1920">
      <tabs>
        <tab verticallayout="true" id="{27787d75-e0f7-43cf-a342-f4dc85eed563}" IsUserDefined="1">
          <labels>
            <label description="General" languagecode="1033" />
          </labels>
          <columns>
            <column width="100%">
              <sections>
                <section showlabel="false" showbar="false" IsUserDefined="0" id="{d62368fa-72e3-4854-828a-2df94c31549f}">
                  <labels>
                    <label description="General" languagecode="1033" />
                  </labels>
                  <rows>
                    <row>
                      <cell id="{62ce816e-4b26-456e-bd83-982fe63fef3d}">
                        <labels>
                          <label description="Education Level Name" languagecode="1033" />
                        </labels>
                        <control id="mshied_name" classid="{4273EDBD-AC1D-40d3-9FB2-095C621B552D}" datafieldname="mshied_name" />
                      </cell>
                    </row>
                    <row>
                      <cell id="{197e0546-51f7-4e91-a330-b50dbe6ce3ac}">
                        <labels>
                          <label description="Owner" languagecode="1033" />
                        </labels>
                        <control id="ownerid" classid="{270BD3DB-D9AF-4782-9025-509E298DEC0A}" datafieldname="ownerid" />
                      </cell>
                    </row>
                    <row>
                      <cell id="{e72272b0-ddc3-a294-8a67-da12c6e50e82}" showlabel="true" locklevel="0">
                        <labels>
                          <label description="Code" languagecode="1033" />
                        </labels>
                        <control id="mshied_code" classid="{4273EDBD-AC1D-40d3-9FB2-095C621B552D}" datafieldname="mshied_code" disabled="false" />
                      </cell>
                    </row>
                  </rows>
                </section>
              </sections>
            </column>
          </columns>
        </tab>
        <tab name="ExternalInformation" id="{056e371b-8619-ce68-72cc-464c8b76a06d}" IsUserDefined="0" locklevel="0" showlabel="true" expanded="true">
          <labels>
            <label description="External Information" languagecode="1033" />
          </labels>
          <columns>
            <column width="100%">
              <sections>
                <section name="tab_2_section_1" showlabel="false" showbar="false" locklevel="0" id="{313a59c6-7b70-73d4-b64c-7bc9bbe28e8c}" IsUserDefined="0" layout="varwidth" columns="1" labelwidth="115">
                  <labels>
                    <label description="Section" languagecode="1033" />
                  </labels>
                  <rows>
                    <row>
                      <cell id="{77c6c4b0-304e-2e88-171c-9d2c93758594}" showlabel="true" locklevel="0">
                        <labels>
                          <label description="External Identifier" languagecode="1033" />
                        </labels>
                        <control id="mshied_externalidentifier" classid="{4273EDBD-AC1D-40d3-9FB2-095C621B552D}" datafieldname="mshied_externalidentifier" disabled="false" />
                      </cell>
                    </row>
                    <row>
                      <cell id="{bcc29c59-598a-c12c-04b1-e787a7bc45c5}" showlabel="true" locklevel="0">
                        <labels>
                          <label description="External Source System" languagecode="1033" />
                        </labels>
                        <control id="mshied_externalsourcesystem" classid="{3EF39988-22BB-4f0b-BBBE-64B5A3748AEE}" datafieldname="mshied_externalsourcesystem" disabled="false" />
                      </cell>
                    </row>
                  </rows>
                </section>
              </sections>
            </column>
          </columns>
        </tab>
      </tabs>
      <Navigation>
        <NavBar></NavBar>
        <NavBarAreas>
          <NavBarArea Id="Info">
            <Titles>
              <Title LCID="1033" Text="Common" />
            </Titles>
          </NavBarArea>
          <NavBarArea Id="Sales">
            <Titles>
              <Title LCID="1033" Text="Sales" />
            </Titles>
          </NavBarArea>
          <NavBarArea Id="Service">
            <Titles>
              <Title LCID="1033" Text="Service" />
            </Titles>
          </NavBarArea>
          <NavBarArea Id="Marketing">
            <Titles>
              <Title LCID="1033" Text="Marketing" />
            </Titles>
          </NavBarArea>
          <NavBarArea Id="ProcessCenter">
            <Titles>
              <Title LCID="1033" Text="Process Sessions" />
            </Titles>
          </NavBarArea>
        </NavBarAreas>
      </Navigation>
    </form>
    <IsCustomizable>1</IsCustomizable>
    <CanBeDeleted>1</CanBeDeleted>
    <LocalizedNames>
      <LocalizedName description="Higher Education Education Level Form" languagecode="1033" />
    </LocalizedNames>
    <Descriptions>
      <Description description="Higher Education Education Level Form" languagecode="1033" />
    </Descriptions>
  </systemform>
</forms>