﻿<?xml version="1.0" encoding="utf-8"?>
<forms xmlns:xsi="http://www.w3.org/2001/XMLSchema-instance">
  <systemform>
    <formid>{08ca35ed-4d19-4cbb-b751-d685f947280a}</formid>
    <IntroducedVersion>1.0.0.0</IntroducedVersion>
    <FormPresentation>1</FormPresentation>
    <FormActivationState>1</FormActivationState>
    <form shownavigationbar="true" showImage="false" maxWidth="1920">
      <tabs>
        <tab verticallayout="true" id="{5f40a162-6b58-4798-8359-191eb1aa88fe}" IsUserDefined="1">
          <labels>
            <label description="General" languagecode="1033" />
          </labels>
          <columns>
            <column width="100%">
              <sections>
                <section showlabel="false" showbar="false" IsUserDefined="0" id="{0ddf2540-fd96-4384-9918-5e4f4b5e773f}">
                  <labels>
                    <label description="General" languagecode="1033" />
                  </labels>
                  <rows>
                    <row>
                      <cell id="{42b6dbd2-3a3f-4be5-bac8-6388d0aec7b4}">
                        <labels>
                          <label description="Course History Name" languagecode="1033" />
                        </labels>
                        <control id="mshied_name" classid="{4273EDBD-AC1D-40d3-9FB2-095C621B552D}" datafieldname="mshied_name" />
                      </cell>
                    </row>
                    <row>
                      <cell id="{d76c0fa9-77c8-41f3-a38b-7cfbd9a214e1}">
                        <labels>
                          <label description="Owner" languagecode="1033" />
                        </labels>
                        <control id="ownerid" classid="{270BD3DB-D9AF-4782-9025-509E298DEC0A}" datafieldname="ownerid" />
                      </cell>
                    </row>
                    <row>
                      <cell id="{80ca1ad6-9ccd-12d0-9874-ae2b58677e0e}" showlabel="true" locklevel="0">
                        <labels>
                          <label description="Student" languagecode="1033" />
                        </labels>
                        <control id="mshied_studentid" classid="{270BD3DB-D9AF-4782-9025-509E298DEC0A}" datafieldname="mshied_studentid" disabled="false" />
                      </cell>
                    </row>
                    <row>
                      <cell id="{1d3eecd8-0cc3-c1c5-e796-93a53db2ae96}" showlabel="true" locklevel="0">
                        <labels>
                          <label description="Course" languagecode="1033" />
                        </labels>
                        <control id="mshied_courseid" classid="{270BD3DB-D9AF-4782-9025-509E298DEC0A}" datafieldname="mshied_courseid" disabled="false" />
                      </cell>
                    </row>
                  </rows>
                </section>
              </sections>
            </column>
          </columns>
        </tab>
        <tab name="Details" id="{12531ebb-4896-d596-5cdc-529752aad8eb}" IsUserDefined="0" locklevel="0" showlabel="true" expanded="true">
          <labels>
            <label description="Details" languagecode="1033" />
          </labels>
          <columns>
            <column width="50%">
              <sections>
                <section name="tab_2_section_1" showlabel="false" showbar="false" locklevel="0" id="{d0e96291-73ca-2524-8312-3a8425339d58}" IsUserDefined="0" layout="varwidth" columns="1" labelwidth="115">
                  <labels>
                    <label description="Section" languagecode="1033" />
                  </labels>
                  <rows>
                    <row>
                      <cell id="{3e750022-8e77-762a-8611-408ced157a15}" showlabel="true" locklevel="0">
                        <labels>
                          <label description="Registration Status" languagecode="1033" />
                        </labels>
                        <control id="mshied_registrationstatusid" classid="{270BD3DB-D9AF-4782-9025-509E298DEC0A}" datafieldname="mshied_registrationstatusid" disabled="false" />
                      </cell>
                    </row>
                    <row>
                      <cell id="{1164eece-5283-3455-6b6e-9d3d816d2c41}" showlabel="true" locklevel="0">
                        <labels>
                          <label description="Course Section" languagecode="1033" />
                        </labels>
                        <control id="mshied_coursesectionid" classid="{270BD3DB-D9AF-4782-9025-509E298DEC0A}" datafieldname="mshied_coursesectionid" disabled="false" />
                      </cell>
                    </row>
                    <row>
                      <cell id="{5a8ea479-77ac-4d64-d742-ca673bc0854e}" showlabel="true" locklevel="0">
                        <labels>
                          <label description="Continuing Education" languagecode="1033" />
                        </labels>
                        <control id="mshied_continuingeducation" classid="{3EF39988-22BB-4f0b-BBBE-64B5A3748AEE}" datafieldname="mshied_continuingeducation" disabled="false" />
                      </cell>
                    </row>
                    <row>
                      <cell id="{1a41e725-3412-7848-d612-1953d5e9c42b}" showlabel="true" locklevel="0">
                        <labels>
                          <label description="Last Date of Attendance" languagecode="1033" />
                        </labels>
                        <control id="mshied_lastdateofattendance" classid="{5B773807-9FB2-42db-97C3-7A91EFF8ADFF}" datafieldname="mshied_lastdateofattendance" disabled="false" />
                      </cell>
                    </row>
                    <row>
                      <cell id="{00170be4-8e87-c677-ce84-c365c6abe989}" showlabel="true" locklevel="0">
                        <labels>
                          <label description="Academic Period Details" languagecode="1033" />
                        </labels>
                        <control id="mshied_academicperioddetailsid" classid="{270BD3DB-D9AF-4782-9025-509E298DEC0A}" datafieldname="mshied_academicperioddetailsid" disabled="false" />
                      </cell>
                    </row>
                    <row>
                      <cell id="{ae2cce7d-3954-36a0-e069-101285d4c50d}" showlabel="true" locklevel="0">
                        <labels>
                          <label description="Grade Points" languagecode="1033" />
                        </labels>
                        <control id="mshied_gradepoints" classid="{C3EFE0C3-0EC6-42be-8349-CBD9079DFD8E}" datafieldname="mshied_gradepoints" disabled="false" />
                      </cell>
                    </row>
                  </rows>
                </section>
              </sections>
            </column>
            <column width="50%">
              <sections>
                <section name="tab_2_section_2" showlabel="false" showbar="false" locklevel="0" id="{749ca510-509c-6a27-2690-d9d903410602}" IsUserDefined="0" layout="varwidth" columns="1" labelwidth="115">
                  <labels>
                    <label description="Section" languagecode="1033" />
                  </labels>
                  <rows>
                    <row>
                      <cell id="{9594891e-a0ba-0836-0862-2b60199beebd}" showlabel="true" locklevel="0">
                        <labels>
                          <label description="Credits Attempted" languagecode="1033" />
                        </labels>
                        <control id="mshied_creditsattempted" classid="{C3EFE0C3-0EC6-42be-8349-CBD9079DFD8E}" datafieldname="mshied_creditsattempted" disabled="false" />
                      </cell>
                    </row>
                    <row>
                      <cell id="{018c1386-6176-1b02-a126-ed07b9531424}" showlabel="true" locklevel="0">
                        <labels>
                          <label description="Credits Earrned" languagecode="1033" />
                        </labels>
                        <control id="mshied_creditsearrned" classid="{C3EFE0C3-0EC6-42be-8349-CBD9079DFD8E}" datafieldname="mshied_creditsearrned" disabled="false" />
                      </cell>
                    </row>
                    <row>
                      <cell id="{3994a939-ebe5-3297-d11d-6c5ee548ac98}" showlabel="true" locklevel="0">
                        <labels>
                          <label description="Mid Term Numeric Grade" languagecode="1033" />
                        </labels>
                        <control id="mshied_midtermnumericgrade" classid="{C6D124CA-7EDA-4a60-AEA9-7FB8D318B68F}" datafieldname="mshied_midtermnumericgrade" disabled="false" />
                      </cell>
                    </row>
                    <row>
                      <cell id="{b1019975-5cd5-355d-9de4-6970c7603c58}" showlabel="true" locklevel="0">
                        <labels>
                          <label description="Mid Term Letter Grade" languagecode="1033" />
                        </labels>
                        <control id="mshied_midtermlettergrade" classid="{4273EDBD-AC1D-40d3-9FB2-095C621B552D}" datafieldname="mshied_midtermlettergrade" disabled="false" />
                      </cell>
                    </row>
                    <row>
                      <cell id="{7a83597d-b401-5364-62e4-e80d9e8614a1}" showlabel="true" locklevel="0">
                        <labels>
                          <label description="Letter Grade" languagecode="1033" />
                        </labels>
                        <control id="mshied_lettergrade" classid="{4273EDBD-AC1D-40d3-9FB2-095C621B552D}" datafieldname="mshied_lettergrade" disabled="false" />
                      </cell>
                    </row>
                  </rows>
                </section>
              </sections>
            </column>
          </columns>
        </tab>
      </tabs>
      <Navigation>
        <NavBar></NavBar>
        <NavBarAreas>
          <NavBarArea Id="Info">
            <Titles>
              <Title LCID="1033" Text="Common" />
            </Titles>
          </NavBarArea>
          <NavBarArea Id="Sales">
            <Titles>
              <Title LCID="1033" Text="Sales" />
            </Titles>
          </NavBarArea>
          <NavBarArea Id="Service">
            <Titles>
              <Title LCID="1033" Text="Service" />
            </Titles>
          </NavBarArea>
          <NavBarArea Id="Marketing">
            <Titles>
              <Title LCID="1033" Text="Marketing" />
            </Titles>
          </NavBarArea>
          <NavBarArea Id="ProcessCenter">
            <Titles>
              <Title LCID="1033" Text="Process Sessions" />
            </Titles>
          </NavBarArea>
        </NavBarAreas>
      </Navigation>
    </form>
    <IsCustomizable>1</IsCustomizable>
    <CanBeDeleted>1</CanBeDeleted>
    <LocalizedNames>
      <LocalizedName description="Higher Education Course History Form" languagecode="1033" />
    </LocalizedNames>
    <Descriptions>
      <Description description="Higher Education Course History Form" languagecode="1033" />
    </Descriptions>
  </systemform>
</forms>