﻿<?xml version="1.0" encoding="utf-8"?>
<savedqueries xmlns:xsi="http://www.w3.org/2001/XMLSchema-instance">
  <savedquery>
    <IsCustomizable>1</IsCustomizable>
    <CanBeDeleted>0</CanBeDeleted>
    <isquickfindquery>0</isquickfindquery>
    <isprivate>0</isprivate>
    <isdefault>1</isdefault>
    <savedqueryid>{35f151d5-174c-41f0-954f-de544928d8ca}</savedqueryid>
    <layoutxml>
      <grid name="" jump="mshied_name" select="1" icon="1" preview="0">
        <row name="mshied_course" id="mshied_courseid">
          <cell name="mshied_name" width="200" imageproviderfunctionname="" imageproviderwebresource="$webresource:" />
          <cell name="mshied_academiclevel" width="100" />
          <cell name="mshied_coursenumber" width="100" />
          <cell name="mshied_startdate" width="100" />
          <cell name="mshied_enddate" width="100" />
        </row>
      </grid>
    </layoutxml>
    <querytype>64</querytype>
    <fetchxml>
      <fetch version="1.0" mapping="logical">
        <entity name="mshied_course">
          <attribute name="mshied_courseid" />
          <attribute name="mshied_name" />
          <filter type="and">
            <condition attribute="statecode" operator="eq" value="0" />
          </filter>
          <attribute name="mshied_startdate" />
          <attribute name="mshied_enddate" />
          <attribute name="mshied_coursenumber" />
          <attribute name="mshied_academiclevel" />
          <order attribute="mshied_name" descending="false" />
        </entity>
      </fetch>
    </fetchxml>
    <IntroducedVersion>1.0.0.0</IntroducedVersion>
    <LocalizedNames>
      <LocalizedName description="Course Lookup View" languagecode="1033" />
    </LocalizedNames>
  </savedquery>
</savedqueries>