﻿<?xml version="1.0" encoding="utf-8"?>
<savedqueries xmlns:xsi="http://www.w3.org/2001/XMLSchema-instance">
  <savedquery>
    <IsCustomizable>1</IsCustomizable>
    <CanBeDeleted>0</CanBeDeleted>
    <isquickfindquery>0</isquickfindquery>
    <isprivate>0</isprivate>
    <isdefault>0</isdefault>
    <savedqueryid>{036d14bd-c48f-4611-889f-a8db6583cb6d}</savedqueryid>
    <layoutxml>
      <grid name="resultset" jump="mshied_name" select="1" icon="1" preview="1">
        <row name="result" id="mshied_coursehistoryid">
          <cell name="mshied_name" width="200" imageproviderfunctionname="" imageproviderwebresource="$webresource:" />
          <cell name="mshied_studentid" width="100" />
          <cell name="mshied_academicperioddetailsid" width="100" />
          <cell name="mshied_courseid" width="100" />
          <cell name="mshied_coursesectionid" width="100" />
          <cell name="mshied_registrationstatusid" width="100" />
        </row>
      </grid>
    </layoutxml>
    <querytype>0</querytype>
    <fetchxml>
      <fetch version="1.0" mapping="logical">
        <entity name="mshied_coursehistory">
          <attribute name="mshied_coursehistoryid" />
          <attribute name="mshied_name" />
          <filter type="and">
            <condition attribute="statecode" operator="eq" value="1" />
          </filter>
          <attribute name="mshied_studentid" />
          <attribute name="mshied_registrationstatusid" />
          <attribute name="mshied_coursesectionid" />
          <attribute name="mshied_courseid" />
          <attribute name="mshied_academicperioddetailsid" />
          <order attribute="mshied_name" descending="false" />
        </entity>
      </fetch>
    </fetchxml>
    <IntroducedVersion>1.0.0.0</IntroducedVersion>
    <LocalizedNames>
      <LocalizedName description="Inactive Course Histories" languagecode="1033" />
    </LocalizedNames>
  </savedquery>
</savedqueries>