﻿<?xml version="1.0" encoding="utf-8"?>
<savedqueries xmlns:xsi="http://www.w3.org/2001/XMLSchema-instance">
  <savedquery>
    <IsCustomizable>1</IsCustomizable>
    <CanBeDeleted>0</CanBeDeleted>
    <isquickfindquery>0</isquickfindquery>
    <isprivate>0</isprivate>
    <isdefault>1</isdefault>
    <savedqueryid>{d78522e0-6857-460f-bbb9-46165906ac58}</savedqueryid>
    <layoutxml>
      <grid name="" jump="mshied_name" select="1" icon="1" preview="0">
        <row name="mshied_coursehistory" id="mshied_coursehistoryid">
          <cell name="mshied_name" width="200" imageproviderfunctionname="" imageproviderwebresource="$webresource:" />
          <cell name="mshied_studentid" width="100" />
          <cell name="mshied_academicperioddetailsid" width="100" />
          <cell name="mshied_courseid" width="100" />
          <cell name="mshied_coursesectionid" width="100" />
          <cell name="mshied_registrationstatusid" width="100" />
        </row>
      </grid>
    </layoutxml>
    <querytype>64</querytype>
    <fetchxml>
      <fetch version="1.0" mapping="logical">
        <entity name="mshied_coursehistory">
          <attribute name="mshied_coursehistoryid" />
          <attribute name="mshied_name" />
          <filter type="and">
            <condition attribute="statecode" operator="eq" value="0" />
          </filter>
          <attribute name="mshied_studentid" />
          <attribute name="mshied_registrationstatusid" />
          <attribute name="mshied_coursesectionid" />
          <attribute name="mshied_courseid" />
          <attribute name="mshied_academicperioddetailsid" />
          <order attribute="mshied_name" descending="false" />
        </entity>
      </fetch>
    </fetchxml>
    <IntroducedVersion>1.0.0.0</IntroducedVersion>
    <LocalizedNames>
      <LocalizedName description="Course History Lookup View" languagecode="1033" />
    </LocalizedNames>
  </savedquery>
</savedqueries>