﻿<?xml version="1.0" encoding="utf-8"?>
<forms xmlns:xsi="http://www.w3.org/2001/XMLSchema-instance">
  <systemform>
    <formid>{2c22644e-569e-45ea-87eb-865a48d00273}</formid>
    <IntroducedVersion>1.0.3.8</IntroducedVersion>
    <FormPresentation>1</FormPresentation>
    <FormActivationState>1</FormActivationState>
    <form>
      <tabs>
        <tab name="tab_4" id="{60d1c038-d79e-789c-4d65-c0262175a70c}" IsUserDefined="0" locklevel="0" showlabel="true" expanded="true">
          <labels>
            <label description="General" languagecode="1033" />
          </labels>
          <columns>
            <column width="100%">
              <sections>
                <section name="tab_4_section_2" showlabel="true" showbar="true" locklevel="0" id="{e019c43a-d305-bbc2-e374-305ed0346607}" IsUserDefined="0" layout="varwidth" columns="111" labelwidth="115" celllabelalignment="Left" celllabelposition="Left">
                  <labels>
                    <label description="Internship Information" languagecode="1033" />
                  </labels>
                  <rows>
                    <row>
                      <cell id="{d3d2c79a-ce55-4c8c-a182-95181f271033}">
                        <labels>
                          <label description="Title" languagecode="1033" />
                        </labels>
                        <control id="mshied_title" classid="{4273EDBD-AC1D-40d3-9FB2-095C621B552D}" datafieldname="mshied_title" />
                      </cell>
                      <cell id="{d56b504c-1e45-9b7b-1cc9-7eab6ad16949}" showlabel="true" locklevel="0">
                        <labels>
                          <label description="Application Deadline Date" languagecode="1033" />
                        </labels>
                        <control id="mshied_applicationdeadlinedate" classid="{5B773807-9FB2-42db-97C3-7A91EFF8ADFF}" datafieldname="mshied_applicationdeadlinedate" disabled="false" />
                      </cell>
                      <cell id="{873354e5-e9c4-3b05-24e8-3b206c2eaa5d}" showlabel="true" locklevel="0">
                        <labels>
                          <label description="PostedDate" languagecode="1033" />
                        </labels>
                        <control id="mshied_posteddate" classid="{5B773807-9FB2-42db-97C3-7A91EFF8ADFF}" datafieldname="mshied_posteddate" disabled="false" />
                      </cell>
                    </row>
                    <row>
                      <cell id="{960bb735-c25c-ca4c-32c4-634598c8acac}" showlabel="true" locklevel="0">
                        <labels>
                          <label description="Business Partner" languagecode="1033" />
                        </labels>
                        <control id="mshied_businesspartner" classid="{270BD3DB-D9AF-4782-9025-509E298DEC0A}" datafieldname="mshied_businesspartner" disabled="false" />
                      </cell>
                      <cell id="{a86995ab-dee5-e45e-c534-5da746c0a2b6}" showlabel="true" locklevel="0">
                        <labels>
                          <label description="ValidFrom" languagecode="1033" />
                        </labels>
                        <control id="mshied_validfrom" classid="{5B773807-9FB2-42db-97C3-7A91EFF8ADFF}" datafieldname="mshied_validfrom" disabled="false" />
                      </cell>
                      <cell id="{ca377705-300b-2a3d-5108-07e30113b546}" showlabel="true" locklevel="0">
                        <labels>
                          <label description="Website URL" languagecode="1033" />
                        </labels>
                        <control id="mshied_websiteurl" classid="{71716B6C-711E-476c-8AB8-5D11542BFB47}" datafieldname="mshied_websiteurl" disabled="false" />
                      </cell>
                    </row>
                    <row>
                      <cell id="{6b1c3333-e2a9-98d8-bda0-803e97830ac7}" showlabel="true" locklevel="0">
                        <labels>
                          <label description="Business Partner Contact" languagecode="1033" />
                        </labels>
                        <control id="mshied_businesspartnercontact" classid="{270BD3DB-D9AF-4782-9025-509E298DEC0A}" datafieldname="mshied_businesspartnercontact" disabled="false" />
                      </cell>
                      <cell id="{e36ce092-4035-7195-3a87-4687d99a7297}" showlabel="true" locklevel="0">
                        <labels>
                          <label description="ValidTo" languagecode="1033" />
                        </labels>
                        <control id="mshied_validto" classid="{5B773807-9FB2-42db-97C3-7A91EFF8ADFF}" datafieldname="mshied_validto" disabled="false" />
                      </cell>
                      <cell id="{c06e18d4-57ae-7e56-8c51-570141179401}" showlabel="true" locklevel="0">
                        <labels>
                          <label description="IsPaid" languagecode="1033" />
                        </labels>
                        <control id="mshied_ispaid" classid="{67FAC785-CD58-4f9f-ABB3-4B7DDC6ED5ED}" datafieldname="mshied_ispaid" disabled="false" />
                      </cell>
                    </row>
                  </rows>
                </section>
                <section name="tab_4_section_3" showlabel="true" showbar="true" locklevel="0" id="{8b61b125-c8dd-a65e-275e-c8940805292b}" IsUserDefined="0" layout="varwidth" columns="1" labelwidth="115" celllabelalignment="Left" celllabelposition="Left">
                  <labels>
                    <label description="Details" languagecode="1033" />
                  </labels>
                  <rows>
                    <row>
                      <cell id="{d3295919-d312-4705-5808-2ad1dc20e530}" showlabel="true" locklevel="0">
                        <labels>
                          <label description="Description" languagecode="1033" />
                        </labels>
                        <control id="mshied_description" classid="{E0DECE4B-6FC8-4a8f-A065-082708572369}" datafieldname="mshied_description" disabled="false" />
                      </cell>
                    </row>
                    <row>
                      <cell id="{9ad73563-16ca-2733-d13c-3ca0ebb4296a}" showlabel="true" locklevel="0">
                        <labels>
                          <label description="Location Description" languagecode="1033" />
                        </labels>
                        <control id="mshied_locationdescription" classid="{4273EDBD-AC1D-40d3-9FB2-095C621B552D}" datafieldname="mshied_locationdescription" disabled="false" />
                      </cell>
                    </row>
                    <row>
                      <cell id="{52e773ae-5ee1-c787-b7e6-b2b2e38ca428}" showlabel="true" locklevel="0">
                        <labels>
                          <label description="Qualifications" languagecode="1033" />
                        </labels>
                        <control id="mshied_qualifications" classid="{E0DECE4B-6FC8-4a8f-A065-082708572369}" datafieldname="mshied_qualifications" disabled="false" />
                      </cell>
                    </row>
                  </rows>
                </section>
              </sections>
            </column>
          </columns>
        </tab>
        <tab name="tab_2" id="{d91741ce-1d45-a940-17e6-822cb9a5ada3}" IsUserDefined="0" locklevel="0" showlabel="true" expanded="true">
          <labels>
            <label description="Applicants" languagecode="1033" />
          </labels>
          <columns>
            <column width="100%">
              <sections>
                <section name="tab_2_section_1" showlabel="false" showbar="false" locklevel="0" id="{793dc99b-e4aa-9606-ecd4-670bcb611a89}" IsUserDefined="0" layout="varwidth" columns="1" labelwidth="115" celllabelalignment="Left" celllabelposition="Left">
                  <labels>
                    <label description="Applicants" languagecode="1033" />
                  </labels>
                  <rows>
                    <row>
                      <cell id="{5632bb56-61ae-cac0-3936-4bd48a50c64c}" showlabel="false" colspan="1" auto="false" rowspan="6">
                        <labels>
                          <label description="Internship Applicants (Internship)" languagecode="1033" />
                        </labels>
                        <control id="Applicants" classid="{E7A81278-8635-4d9e-8D4D-59480B391C5B}" indicationOfSubgrid="true">
                          <parameters>
                            <ViewId>{CB6A805A-5421-495E-AF88-9D79A47F03BF}</ViewId>
                            <IsUserView>false</IsUserView>
                            <RelationshipName>mshied_InternshipApplicant_Internship_mshied_Int</RelationshipName>
                            <TargetEntityType>mshied_internshipapplicant</TargetEntityType>
                            <AutoExpand>Fixed</AutoExpand>
                            <EnableQuickFind>false</EnableQuickFind>
                            <EnableViewPicker>false</EnableViewPicker>
                            <ViewIds>{CB6A805A-5421-495E-AF88-9D79A47F03BF}</ViewIds>
                            <EnableJumpBar>false</EnableJumpBar>
                            <ChartGridMode>Grid</ChartGridMode>
                            <VisualizationId />
                            <IsUserChart>false</IsUserChart>
                            <EnableChartPicker>false</EnableChartPicker>
                            <RecordsPerPage>4</RecordsPerPage>
                            <HeaderColorCode>#F3F3F3</HeaderColorCode>
                          </parameters>
                        </control>
                      </cell>
                    </row>
                    <row />
                    <row />
                    <row />
                    <row />
                    <row />
                  </rows>
                </section>
              </sections>
            </column>
          </columns>
        </tab>
      </tabs>
      <header id="{ca2710a5-19d1-4743-b1dc-a2cf1c5d7c55}" columns="111">
        <rows>
          <row>
            <cell id="{e87d48f2-52a3-4b55-9038-b617579c2a13}" showlabel="false">
              <labels>
                <label description="" languagecode="1033" />
              </labels>
            </cell>
            <cell id="{19192f66-3bbb-4066-b2d9-5ff1199d929c}" showlabel="false">
              <labels>
                <label description="" languagecode="1033" />
              </labels>
            </cell>
            <cell id="{42daa484-6481-6723-ee54-5d246ae2ac4b}" showlabel="true" locklevel="0">
              <labels>
                <label description="Owner" languagecode="1033" />
              </labels>
              <control id="header_ownerid" classid="{270BD3DB-D9AF-4782-9025-509E298DEC0A}" datafieldname="ownerid" disabled="false" />
            </cell>
          </row>
        </rows>
      </header>
      <Navigation>
        <NavBar></NavBar>
        <NavBarAreas>
          <NavBarArea Id="Info">
            <Titles>
              <Title LCID="1033" Text="Common" />
            </Titles>
          </NavBarArea>
          <NavBarArea Id="Sales">
            <Titles>
              <Title LCID="1033" Text="Sales" />
            </Titles>
          </NavBarArea>
          <NavBarArea Id="Service">
            <Titles>
              <Title LCID="1033" Text="Service" />
            </Titles>
          </NavBarArea>
          <NavBarArea Id="Marketing">
            <Titles>
              <Title LCID="1033" Text="Marketing" />
            </Titles>
          </NavBarArea>
          <NavBarArea Id="ProcessCenter">
            <Titles>
              <Title LCID="1033" Text="Process Sessions" />
            </Titles>
          </NavBarArea>
        </NavBarAreas>
      </Navigation>
      <controlDescriptions />
    </form>
    <IsCustomizable>1</IsCustomizable>
    <CanBeDeleted>1</CanBeDeleted>
    <LocalizedNames>
      <LocalizedName description="Information" languagecode="1033" />
    </LocalizedNames>
    <Descriptions>
      <Description description="A form for this entity." languagecode="1033" />
    </Descriptions>
  </systemform>
</forms>