﻿<?xml version="1.0" encoding="utf-8"?>
<forms xmlns:xsi="http://www.w3.org/2001/XMLSchema-instance">
  <systemform>
    <formid>{94eb6fcd-3aa2-4b1f-9eea-f23da74df76f}</formid>
    <IntroducedVersion>1.0.1.0</IntroducedVersion>
    <FormPresentation>1</FormPresentation>
    <FormActivationState>1</FormActivationState>
    <form showImage="true" shownavigationbar="true" maxWidth="1920">
      <ancestor id="{1fed44d1-ae68-4a41-bd2b-f13acac4acfa}" />
      <hiddencontrols>
        <data id="fullname" datafieldname="fullname" classid="{5546E6CD-394C-4bee-94A8-4425E17EF6C6}" />
        <data id="address1_addressid" datafieldname="address1_addressid" classid="{5546E6CD-394C-4bee-94A8-4425E17EF6C6}" />
        <data id="address2_addressid" datafieldname="address2_addressid" classid="{5546E6CD-394C-4bee-94A8-4425E17EF6C6}" />
      </hiddencontrols>
      <tabs>
        <tab name="General" id="{7853b8e2-d672-7458-974b-9151ba272ba8}" IsUserDefined="0" locklevel="0" showlabel="true" expanded="true" labelid="{7aabd89f-6dcc-4922-b649-8bf8284a94e4}">
          <labels>
            <label description="General" languagecode="1033" />
          </labels>
          <columns>
            <column width="34%">
              <sections>
                <section name="CONTACT_INFORMATION" showlabel="true" showbar="false" id="{9d943649-0387-1882-caa1-36de40d5a86c}" IsUserDefined="0" layout="varwidth" columns="1" labelwidth="115" celllabelposition="Left" labelid="{101f6243-b489-4cea-b070-f2f0f49066f5}">
                  <labels>
                    <label description="CONTACT INFORMATION" languagecode="1033" />
                  </labels>
                  <rows>
                    <row>
                      <cell id="{542e581d-cca1-5e40-e6d9-d67a9d1468b4}" showlabel="true" locklevel="0" labelid="{82ef5d94-8785-43ce-b1c7-679ba5bc0281}">
                        <labels>
                          <label description="Full Name" languagecode="1033" />
                        </labels>
                        <control id="fullname" classid="{4273EDBD-AC1D-40d3-9FB2-095C621B552D}" datafieldname="fullname" disabled="false" />
                      </cell>
                    </row>
                    <row>
                      <cell id="{ca983e24-c9ca-320b-b540-cbdb663e730d}" showlabel="true" locklevel="0" labelid="{55c42ac5-2bb6-4f32-84ec-f6cfbd298353}">
                        <labels>
                          <label description="Maiden Name" languagecode="1033" />
                        </labels>
                        <control id="mshied_maidenname" classid="{4273EDBD-AC1D-40d3-9FB2-095C621B552D}" datafieldname="mshied_maidenname" disabled="false" />
                      </cell>
                    </row>
                    <row>
                      <cell id="{aed1e620-3127-d565-ce5d-d702b1d4a10e}" showlabel="true" locklevel="0">
                        <labels>
                          <label description="Company Name" languagecode="1033" />
                        </labels>
                        <control id="parentcustomerid" classid="{270BD3DB-D9AF-4782-9025-509E298DEC0A}" datafieldname="parentcustomerid" disabled="false" />
                      </cell>
                    </row>
                    <row>
                      <cell id="{b1d3e4d2-11ac-ba85-3b34-4bebd8371416}" showlabel="true" locklevel="0" labelid="{f35ec98e-e38e-4ea9-bdf4-8dcd8890fe75}">
                        <labels>
                          <label description="Contact Type" languagecode="1033" />
                        </labels>
                        <control id="mshied_contacttype" classid="{4AA28AB7-9C13-4F57-A73D-AD894D048B5F}" datafieldname="mshied_contacttype" disabled="false" />
                      </cell>
                    </row>
                    <row>
                      <cell id="{745b214c-5127-4185-235c-0e52219374a4}" showlabel="true" locklevel="0">
                        <labels>
                          <label description="Job Title" languagecode="1033" />
                        </labels>
                        <control id="jobtitle" classid="{4273EDBD-AC1D-40d3-9FB2-095C621B552D}" datafieldname="jobtitle" disabled="false" />
                      </cell>
                    </row>
                    <row>
                      <cell id="{7d538a97-98eb-b438-72de-57a808b9a308}" showlabel="true" labelid="{30fd10b6-9c2a-4120-9a5f-18c83afefc12}">
                        <labels>
                          <label description="Email" languagecode="1033" />
                        </labels>
                        <control id="emailaddress1" classid="{ADA2203E-B4CD-49be-9DDF-234642B43B52}" datafieldname="emailaddress1" disabled="false" />
                      </cell>
                    </row>
                    <row>
                      <cell id="{290b48ba-c0cc-7746-6dda-93e240e4cc78}" showlabel="true" labelid="{49687e45-878a-43c8-834e-bbe8e36d46aa}">
                        <labels>
                          <label description="Mobile Phone" languagecode="1033" />
                        </labels>
                        <control id="mobilephone" classid="{4273EDBD-AC1D-40d3-9FB2-095C621B552D}" datafieldname="mobilephone" disabled="false" />
                      </cell>
                    </row>
                    <row>
                      <cell id="{408dda0b-48a7-c05c-e29a-56a93eb97172}" showlabel="true" labelid="{00fe2f57-74b7-40cc-b286-b2491a00ad6d}">
                        <labels>
                          <label description="Preferred Method of Contact" languagecode="1033" />
                        </labels>
                        <control id="preferredcontactmethodcode" classid="{3EF39988-22BB-4f0b-BBBE-64B5A3748AEE}" datafieldname="preferredcontactmethodcode" disabled="false" />
                      </cell>
                    </row>
                    <row>
                      <cell id="{133d09d6-c374-954a-315b-435e1eeb722c}" showlabel="true" locklevel="0" labelid="{2cff2c79-6323-4cc4-b031-ea464a9f8cc1}">
                        <labels>
                          <label description="Address" languagecode="1033" />
                        </labels>
                        <control id="address1_composite" classid="{E0DECE4B-6FC8-4a8f-A065-082708572369}" datafieldname="address1_composite" disabled="false" />
                      </cell>
                    </row>
                  </rows>
                </section>
                <section name="tab_3_section_4" showlabel="false" showbar="false" locklevel="0" id="{0d25dc1c-3b5d-b8a3-760a-666d79488bb7}" IsUserDefined="0" layout="varwidth" columns="1" labelwidth="115" labelid="{1a921736-b9cb-41d8-9110-deaa2609027b}">
                  <labels>
                    <label description="Section" languagecode="1033" />
                  </labels>
                  <rows>
                    <row>
                      <cell id="{da00eeb8-e2d7-cbea-66a8-a6c3431b3c23}" showlabel="true" locklevel="0">
                        <labels>
                          <label description="Race" languagecode="1033" />
                        </labels>
                        <control id="mshied_race_" classid="{4AA28AB7-9C13-4F57-A73D-AD894D048B5F}" datafieldname="mshied_race_" disabled="false" />
                      </cell>
                    </row>
                    <row>
                      <cell id="{b7a7ba46-82ba-1752-1918-9064be983293}" showlabel="true" locklevel="0" labelid="{0d555c88-5589-476b-be51-934c68e5aa24}">
                        <labels>
                          <label description="Nationality" languagecode="1033" />
                        </labels>
                        <control id="mshied_nationality" classid="{3EF39988-22BB-4f0b-BBBE-64B5A3748AEE}" datafieldname="mshied_nationality" disabled="false" />
                      </cell>
                    </row>
                    <row>
                      <cell id="{7b312933-7a80-c146-bce5-0c21e9bdd0de}" showlabel="true" locklevel="0" labelid="{bc1923d7-f9ec-4226-98bf-41644a013701}">
                        <labels>
                          <label description="National Identifier" languagecode="1033" />
                        </labels>
                        <control id="mshied_nationalidentifier" classid="{4273EDBD-AC1D-40d3-9FB2-095C621B552D}" datafieldname="mshied_nationalidentifier" disabled="false" />
                      </cell>
                    </row>
                    <row>
                      <cell id="{127a8bac-5354-5200-a1a0-182b639c7d89}" showlabel="true" locklevel="0" labelid="{173c8648-d557-4546-bf5d-d2b980d4fc8c}">
                        <labels>
                          <label description="Ethnic Group" languagecode="1033" />
                        </labels>
                        <control id="mshied_ethnicgroup" classid="{3EF39988-22BB-4f0b-BBBE-64B5A3748AEE}" datafieldname="mshied_ethnicgroup" disabled="false" />
                      </cell>
                    </row>
                    <row>
                      <cell id="{036dea5b-d3e7-696c-4ac7-4d8bb55c1525}" showlabel="true" locklevel="0" labelid="{ddfc3f2a-5d08-4b74-ba65-2164af998d87}">
                        <labels>
                          <label description="Last Permanent Residence Country" languagecode="1033" />
                        </labels>
                        <control id="mshied_lastpermanentresidencecountry" classid="{3EF39988-22BB-4f0b-BBBE-64B5A3748AEE}" datafieldname="mshied_lastpermanentresidencecountry" disabled="false" />
                      </cell>
                    </row>
                    <row>
                      <cell id="{8d015907-07b0-65c8-e90e-45cec6224be5}" showlabel="true" locklevel="0" labelid="{013a066b-9ddb-4825-8f3d-3f4c63b7c4ca}">
                        <labels>
                          <label description="Country of Birth" languagecode="1033" />
                        </labels>
                        <control id="mshied_countryofbirth" classid="{3EF39988-22BB-4f0b-BBBE-64B5A3748AEE}" datafieldname="mshied_countryofbirth" disabled="false" />
                      </cell>
                    </row>
                  </rows>
                </section>
              </sections>
            </column>
            <column width="33%">
              <sections>
                <section name="PERSONAL INFORMATION" showlabel="true" showbar="false" id="{0F64B9A3-01F2-4411-B0B5-6C6C39D7B011}" IsUserDefined="0" columns="1" labelwidth="115" celllabelposition="Left" labelid="{64ab68aa-5e8d-4792-9f72-ce7aba55856a}">
                  <labels>
                    <label description="PERSONAL" languagecode="1033" />
                  </labels>
                  <rows>
                    <row>
                      <cell id="{d89712aa-d723-17b7-45c3-70041e8d4e19}" showlabel="true" locklevel="0" labelid="{391a4b10-1484-45d7-afd3-5a1616cab0b8}">
                        <labels>
                          <label description="Manual Risk Score" languagecode="1033" />
                        </labels>
                        <control id="mshied_manualriskscore" classid="{4273EDBD-AC1D-40d3-9FB2-095C621B552D}" datafieldname="mshied_manualriskscore" disabled="false" />
                      </cell>
                    </row>
                    <row>
                      <cell id="{cb391eb8-02ec-0ee6-9d92-6996d4311809}" showlabel="true" labelid="{9c967882-797e-42f8-8064-7b9fdab0bc52}">
                        <labels>
                          <label description="Gender" languagecode="1033" />
                        </labels>
                        <control id="gendercode" classid="{3EF39988-22BB-4f0b-BBBE-64B5A3748AEE}" datafieldname="gendercode" disabled="false" />
                      </cell>
                    </row>
                    <row>
                      <cell id="{2d8cee50-7123-01e7-c2cc-0068c0ecc4c0}" showlabel="true" labelid="{ef4b198c-1209-4a3d-a548-54f7055d53ba}">
                        <labels>
                          <label description="Marital Status" languagecode="1033" />
                        </labels>
                        <control id="familystatuscode" classid="{3EF39988-22BB-4f0b-BBBE-64B5A3748AEE}" datafieldname="familystatuscode" disabled="false" />
                      </cell>
                    </row>
                    <row>
                      <cell id="{450c5a59-c7de-1289-0934-9a04bc4e1c72}" showlabel="true" labelid="{d57f42c1-518c-46cf-bfac-e83f862fd7c0}">
                        <labels>
                          <label description="Spouse/Partner Name" languagecode="1033" />
                        </labels>
                        <control id="spousesname" classid="{4273EDBD-AC1D-40d3-9FB2-095C621B552D}" datafieldname="spousesname" disabled="false" />
                      </cell>
                    </row>
                    <row>
                      <cell id="{bac50a31-27a0-c7e2-3ab3-5d6aa8895c6e}" showlabel="true" labelid="{e51e7ff2-284a-4147-b84c-0deb65efe40f}">
                        <labels>
                          <label description="Birthday" languagecode="1033" />
                        </labels>
                        <control id="birthdate" classid="{5B773807-9FB2-42db-97C3-7A91EFF8ADFF}" datafieldname="birthdate" disabled="false" />
                      </cell>
                    </row>
                    <row>
                      <cell id="{ba714204-2499-db47-78e0-d8795307301d}" showlabel="true" labelid="{0b610daf-f1c0-44ee-89ff-ddc5ef063e73}">
                        <labels>
                          <label description="Anniversary" languagecode="1033" />
                        </labels>
                        <control id="anniversary" classid="{5B773807-9FB2-42db-97C3-7A91EFF8ADFF}" datafieldname="anniversary" disabled="false" />
                      </cell>
                    </row>
                  </rows>
                </section>
                <section name="CONTACT_PREFERENCES" showlabel="true" showbar="false" id="{42aa148d-17fa-4c73-8213-bd22400b74ea}" IsUserDefined="0" columns="1" labelwidth="115" celllabelposition="Left" labelid="{6f72676d-9027-46bd-89ce-2f0fa3f864e0}">
                  <labels>
                    <label description="CONTACT PREFERENCES" languagecode="1033" />
                  </labels>
                  <rows>
                    <row>
                      <cell id="{d4ec2d52-6658-cee9-4a2a-7a8029ad1862}" showlabel="true" locklevel="0" labelid="{9a2651c7-0813-4739-8b0f-3621c9cc9f23}">
                        <labels>
                          <label description="Contact Method" languagecode="1033" />
                        </labels>
                        <control id="preferredcontactmethodcode" classid="{3EF39988-22BB-4f0b-BBBE-64B5A3748AEE}" datafieldname="preferredcontactmethodcode" disabled="false" />
                      </cell>
                    </row>
                    <row>
                      <cell id="{f0b4951b-b5ec-4103-b69d-7ac2ad176ee4}" labelid="{193c4285-b93e-45c2-b85f-8878fd224dd8}">
                        <labels>
                          <label description="Email" languagecode="1033" />
                        </labels>
                        <control id="donotemail" classid="{67FAC785-CD58-4f9f-ABB3-4B7DDC6ED5ED}" datafieldname="donotemail" />
                      </cell>
                    </row>
                    <row>
                      <cell id="{2344e926-ebe5-43a9-a634-98a98b1b9267}" labelid="{daa08620-9469-4682-9c1e-f8f1997d732f}">
                        <labels>
                          <label description="Follow Email" languagecode="1033" />
                        </labels>
                        <control id="followemail" classid="{67FAC785-CD58-4f9f-ABB3-4B7DDC6ED5ED}" datafieldname="followemail" />
                      </cell>
                    </row>
                    <row>
                      <cell id="{041968bd-14fe-486a-baa0-719e7691e6ee}" labelid="{b503978c-0099-499e-afdd-13844360f833}">
                        <labels>
                          <label description="Bulk Email" languagecode="1033" />
                        </labels>
                        <control id="donotbulkemail" classid="{67FAC785-CD58-4f9f-ABB3-4B7DDC6ED5ED}" datafieldname="donotbulkemail" />
                      </cell>
                    </row>
                    <row>
                      <cell id="{569cf3bd-3b14-46d8-a03a-22e6317d1d41}" labelid="{04e42715-f676-4b00-ab58-996543b3e8eb}">
                        <labels>
                          <label description="Phone" languagecode="1033" />
                        </labels>
                        <control id="donotphone" classid="{67FAC785-CD58-4f9f-ABB3-4B7DDC6ED5ED}" datafieldname="donotphone" />
                      </cell>
                    </row>
                    <row>
                      <cell id="{28d804f2-b314-42f6-92f8-982f4929bd6f}" labelid="{c910d560-aaf4-484d-a7bf-ff36d25caa4a}">
                        <labels>
                          <label description="Fax" languagecode="1033" />
                        </labels>
                        <control id="donotfax" classid="{67FAC785-CD58-4f9f-ABB3-4B7DDC6ED5ED}" datafieldname="donotfax" />
                      </cell>
                    </row>
                    <row>
                      <cell id="{dfe9aafd-1acc-488d-b31e-feef6f63a34d}" labelid="{d096f730-d53c-43a1-8f79-8008a4cbcd4d}">
                        <labels>
                          <label description="Mail" languagecode="1033" />
                        </labels>
                        <control id="donotpostalmail" classid="{67FAC785-CD58-4f9f-ABB3-4B7DDC6ED5ED}" datafieldname="donotpostalmail" />
                      </cell>
                    </row>
                  </rows>
                </section>
              </sections>
            </column>
            <column width="33%">
              <sections>
                <section name="PERSONAL_NOTES_SECTION" showlabel="true" showbar="false" locklevel="0" id="{9435d60e-c5ac-2462-a159-414573dc2e45}" IsUserDefined="0" layout="varwidth" columns="1" labelwidth="115" celllabelalignment="Left" celllabelposition="Top" labelid="{b67c3db9-9432-4f8c-96b6-42d2530bcf5f}">
                  <labels>
                    <label description="PERSONAL NOTES" languagecode="1033" />
                  </labels>
                  <rows>
                    <row>
                      <cell id="{d0c6aad7-7064-924e-b0e0-718dc557ccee}" showlabel="false" locklevel="0" rowspan="5" labelid="{ad5332ae-0bf6-437b-a425-ec5b1a1eca78}">
                        <labels>
                          <label description="Description" languagecode="1033" />
                        </labels>
                        <control id="description" classid="{E0DECE4B-6FC8-4a8f-A065-082708572369}" datafieldname="description" disabled="false" />
                      </cell>
                    </row>
                    <row />
                    <row />
                    <row />
                    <row />
                  </rows>
                </section>
                <section name="tab_3_section_3" showlabel="false" showbar="false" locklevel="0" id="{45d89d50-282e-0337-7d38-d69bb4d7d584}" IsUserDefined="0" layout="varwidth" columns="1" labelwidth="115" labelid="{b3bb21dd-e331-4b3d-bf76-51977f155441}">
                  <labels>
                    <label description="Section" languagecode="1033" />
                  </labels>
                  <rows>
                    <row>
                      <cell id="{c5add2e1-100c-4be8-6500-b3343e067ea0}" showlabel="true" locklevel="0">
                        <labels>
                          <label description="Is Deceased?" languagecode="1033" />
                        </labels>
                        <control id="mshied_isdeceased" classid="{67FAC785-CD58-4f9f-ABB3-4B7DDC6ED5ED}" datafieldname="mshied_isdeceased" disabled="false" />
                      </cell>
                    </row>
                    <row>
                      <cell id="{7686daae-24bd-2383-5463-8d4e633dcd5d}" showlabel="true" locklevel="0" labelid="{dc062091-4ecb-422a-81ce-033b2f881d6f}">
                        <labels>
                          <label description="Legacy" languagecode="1033" />
                        </labels>
                        <control id="mshied_legacy" classid="{67FAC785-CD58-4f9f-ABB3-4B7DDC6ED5ED}" datafieldname="mshied_legacy" disabled="false" />
                      </cell>
                    </row>
                    <row>
                      <cell id="{10dbe97d-cd37-8305-7ca2-90187c964256}" showlabel="true" locklevel="0" labelid="{3d138cff-ec07-4db5-b467-ef73d0991445}">
                        <labels>
                          <label description="Miltary Status" languagecode="1033" />
                        </labels>
                        <control id="mshied_miltarystatus" classid="{3EF39988-22BB-4f0b-BBBE-64B5A3748AEE}" datafieldname="mshied_miltarystatus" disabled="false" />
                      </cell>
                    </row>
                    <row>
                      <cell id="{aa378890-81d8-621a-8d82-301bd7ac3b6a}" showlabel="true" locklevel="0" labelid="{e0e5b5a7-9baa-4fe7-aeab-193a376a7ab7}">
                        <labels>
                          <label description="HIPAA Indicator" languagecode="1033" />
                        </labels>
                        <control id="mshied_hipaaindicator" classid="{67FAC785-CD58-4f9f-ABB3-4B7DDC6ED5ED}" datafieldname="mshied_hipaaindicator" disabled="false" />
                      </cell>
                    </row>
                    <row>
                      <cell id="{29669a6b-b95c-1330-9a7e-3a94721dd395}" showlabel="true" locklevel="0" labelid="{5de832bf-19ea-4f2a-8ded-04e2c83f2a9e}">
                        <labels>
                          <label description="First Generation" languagecode="1033" />
                        </labels>
                        <control id="mshied_firstgeneration" classid="{67FAC785-CD58-4f9f-ABB3-4B7DDC6ED5ED}" datafieldname="mshied_firstgeneration" disabled="false" />
                      </cell>
                    </row>
                    <row>
                      <cell id="{4bd0a94a-98dc-eb4a-b127-b1d285d63194}" showlabel="true" locklevel="0" labelid="{a7d2042a-868b-46a3-9c0c-c7c5cafb2288}">
                        <labels>
                          <label description="FERPA Privacy" languagecode="1033" />
                        </labels>
                        <control id="mshied_ferpaprivacy" classid="{67FAC785-CD58-4f9f-ABB3-4B7DDC6ED5ED}" datafieldname="mshied_ferpaprivacy" disabled="false" />
                      </cell>
                    </row>
                  </rows>
                </section>
                <section name="ExternalInformation" showlabel="true" showbar="false" id="{4565ac06-d780-4467-9baa-d03d6af45ae7}" IsUserDefined="0" columns="1" labelwidth="115" celllabelposition="Left" locklevel="0" celllabelalignment="Left" labelid="{b86601ef-2f6d-42ee-86f3-3b7346ac299a}">
                  <labels>
                    <label description="External Information" languagecode="1033" />
                  </labels>
                  <rows>
                    <row>
                      <cell id="{99052376-0367-7ed0-9132-81e439ed0199}" showlabel="true" locklevel="0" labelid="{30385e25-0b04-4d4a-877f-4bae78275b54}">
                        <labels>
                          <label description="External Identifier" languagecode="1033" />
                        </labels>
                        <control id="mshied_externalidentifier" classid="{4273EDBD-AC1D-40d3-9FB2-095C621B552D}" datafieldname="mshied_externalidentifier" disabled="false" />
                      </cell>
                    </row>
                    <row>
                      <cell id="{7959b1a6-c793-76a2-2446-016d675d28cc}" showlabel="true" locklevel="0" labelid="{89199bbe-c9f1-4c9f-a932-12732dce63a2}">
                        <labels>
                          <label description="External Source System" languagecode="1033" />
                        </labels>
                        <control id="mshied_externalsourcesystem" classid="{3EF39988-22BB-4f0b-BBBE-64B5A3748AEE}" datafieldname="mshied_externalsourcesystem" disabled="false" />
                      </cell>
                    </row>
                  </rows>
                </section>
              </sections>
            </column>
          </columns>
        </tab>
      </tabs>
      <header id="{3ff9aa06-4e43-41ce-afa9-22a038af5c19}" celllabelposition="Top" columns="1" labelwidth="115">
        <rows>
          <row>
            <cell id="{24be01cc-16a6-8eea-8916-42d20a1097ae}" showlabel="true" locklevel="1" labelid="{c58d4fe7-277c-410d-bc2e-46537eda7ad4}">
              <labels>
                <label description="Owner" languagecode="1033" />
              </labels>
              <control id="header_ownerid" classid="{270BD3DB-D9AF-4782-9025-509E298DEC0A}" datafieldname="ownerid" />
            </cell>
          </row>
        </rows>
      </header>
      <clientresources>
        <internalresources>
          <clientincludes>
            <internaljscriptfile src="$webresource:AppCommon/Contact/Contact_main_system_library.js" />
          </clientincludes>
        </internalresources>
      </clientresources>
      <events>
        <event name="onload" application="true" active="true">
          <InternalHandlers>
            <Handler functionName="AppCommon.Contact.Instance.form_onload" libraryName="AppCommon/Contact/Contact_main_system_library.js" handlerUniqueId="4ea24ebd-795d-434e-af94-6812c3867b54" enabled="true" />
          </InternalHandlers>
        </event>
      </events>
      <Navigation>
        <NavBar>
          <NavBarByRelationshipItem RelationshipName="invoice_customer_contacts" Id="navInvoices" Sequence="10" Area="Info" Show="false">
            <Privileges>
              <Privilege Entity="" Privilege="ReadActivity" />
            </Privileges>
            <Titles>
              <Title LCID="1033" Text="Invoice" />
              <Title LCID="1025" Text="الفاتورة" />
              <Title LCID="1026" Text="Фактура" />
              <Title LCID="1027" Text="Factura" />
              <Title LCID="1029" Text="Faktura" />
              <Title LCID="1030" Text="Faktura" />
              <Title LCID="1031" Text="Rechnung" />
              <Title LCID="1032" Text="Τιμολόγιο" />
              <Title LCID="3082" Text="Factura" />
              <Title LCID="1061" Text="Arve" />
              <Title LCID="1069" Text="Faktura" />
              <Title LCID="1035" Text="Lasku" />
              <Title LCID="1036" Text="Facture" />
              <Title LCID="1110" Text="Factura" />
              <Title LCID="1037" Text="חשבונית" />
              <Title LCID="1081" Text="इनवॉइस" />
              <Title LCID="1050" Text="Faktura" />
              <Title LCID="1038" Text="Számla" />
              <Title LCID="1057" Text="Faktur" />
              <Title LCID="1040" Text="Fattura" />
              <Title LCID="1041" Text="請求書" />
              <Title LCID="1087" Text="Есеп-шот" />
              <Title LCID="1042" Text="송장" />
              <Title LCID="1063" Text="Sąskaita faktūra" />
              <Title LCID="1062" Text="Rēķins" />
              <Title LCID="1086" Text="Invois" />
              <Title LCID="1044" Text="Faktura" />
              <Title LCID="1043" Text="Factuur" />
              <Title LCID="1045" Text="Faktura" />
              <Title LCID="1046" Text="Fatura" />
              <Title LCID="2070" Text="Fatura" />
              <Title LCID="1048" Text="Factură" />
              <Title LCID="1049" Text="Счет" />
              <Title LCID="1051" Text="Faktúra" />
              <Title LCID="1060" Text="Račun" />
              <Title LCID="10266" Text="Фактура" />
              <Title LCID="9242" Text="Faktura" />
              <Title LCID="1053" Text="Faktura" />
              <Title LCID="1054" Text="ใบแจ้งหนี้" />
              <Title LCID="1055" Text="Fatura" />
              <Title LCID="1058" Text="Рахунок" />
              <Title LCID="1066" Text="Hóa đơn" />
              <Title LCID="2052" Text="发票" />
              <Title LCID="3076" Text="發票" />
              <Title LCID="1028" Text="發票" />
            </Titles>
          </NavBarByRelationshipItem>
          <NavBarByRelationshipItem RelationshipName="order_customer_contacts" Id="navOrders" Sequence="10" Area="Info" Show="false">
            <Privileges>
              <Privilege Entity="" Privilege="ReadActivity" />
            </Privileges>
            <Titles>
              <Title LCID="1033" Text="SalesOrder" />
              <Title LCID="1025" Text="أمر المبيعات" />
              <Title LCID="1026" Text="SalesOrder" />
              <Title LCID="1027" Text="Comanda de vendes" />
              <Title LCID="1029" Text="Prodejní objednávka" />
              <Title LCID="1030" Text="SalesOrder" />
              <Title LCID="1031" Text="Vertriebsauftrag" />
              <Title LCID="1032" Text="SalesOrder" />
              <Title LCID="3082" Text="Pedido de venta" />
              <Title LCID="1061" Text="SalesOrder" />
              <Title LCID="1069" Text="SalesOrder" />
              <Title LCID="1035" Text="Myyntitilaus" />
              <Title LCID="1036" Text="Commande client" />
              <Title LCID="1110" Text="SalesOrder" />
              <Title LCID="1037" Text="SalesOrder" />
              <Title LCID="1081" Text="SalesOrder" />
              <Title LCID="1050" Text="SalesOrder" />
              <Title LCID="1038" Text="SalesOrder" />
              <Title LCID="1057" Text="SalesOrder" />
              <Title LCID="1040" Text="Ordine cliente" />
              <Title LCID="1041" Text="SalesOrder" />
              <Title LCID="1087" Text="SalesOrder" />
              <Title LCID="1042" Text="SalesOrder" />
              <Title LCID="1063" Text="Pardavimo užsakymas" />
              <Title LCID="1062" Text="SalesOrder" />
              <Title LCID="1086" Text="SalesOrder" />
              <Title LCID="1044" Text="Salgsordre" />
              <Title LCID="1043" Text="Verkooporder" />
              <Title LCID="1045" Text="SalesOrder" />
              <Title LCID="1046" Text="SalesOrder" />
              <Title LCID="2070" Text="SalesOrder" />
              <Title LCID="1048" Text="SalesOrder" />
              <Title LCID="1049" Text="SalesOrder" />
              <Title LCID="1051" Text="SalesOrder" />
              <Title LCID="1060" Text="SalesOrder" />
              <Title LCID="10266" Text="SalesOrder" />
              <Title LCID="9242" Text="SalesOrder" />
              <Title LCID="1053" Text="Försäljningsorder" />
              <Title LCID="1054" Text="ใบสั่งขาย" />
              <Title LCID="1055" Text="SalesOrder" />
              <Title LCID="1058" Text="Замовлення на продаж" />
              <Title LCID="1066" Text="SalesOrder" />
              <Title LCID="2052" Text="SalesOrder" />
              <Title LCID="3076" Text="SalesOrder" />
              <Title LCID="1028" Text="SalesOrder" />
            </Titles>
          </NavBarByRelationshipItem>
          <NavBarByRelationshipItem RelationshipName="quote_customer_contacts" Id="navQuotes" Sequence="10" Area="Info" Show="false">
            <Privileges>
              <Privilege Entity="" Privilege="ReadActivity" />
            </Privileges>
            <Titles>
              <Title LCID="1033" Text="Quote" />
              <Title LCID="1025" Text="عرض الأسعار" />
              <Title LCID="1026" Text="Оферта" />
              <Title LCID="1027" Text="Oferta" />
              <Title LCID="1029" Text="Nabídka" />
              <Title LCID="1030" Text="Tilbud" />
              <Title LCID="1031" Text="Angebot" />
              <Title LCID="1032" Text="Προσφορά" />
              <Title LCID="3082" Text="Oferta" />
              <Title LCID="1061" Text="Hinnapakkumine" />
              <Title LCID="1069" Text="Eskaintza" />
              <Title LCID="1035" Text="Tarjous" />
              <Title LCID="1036" Text="Devis" />
              <Title LCID="1110" Text="Oferta" />
              <Title LCID="1037" Text="הצעת מחיר" />
              <Title LCID="1081" Text="कोट" />
              <Title LCID="1050" Text="Ponuda" />
              <Title LCID="1038" Text="Árajánlat" />
              <Title LCID="1057" Text="Kuotasi" />
              <Title LCID="1040" Text="Offerta" />
              <Title LCID="1041" Text="見積もり" />
              <Title LCID="1087" Text="Баға ұсыну" />
              <Title LCID="1042" Text="견적" />
              <Title LCID="1063" Text="Pasiūlymas" />
              <Title LCID="1062" Text="Piedāvājums" />
              <Title LCID="1086" Text="Sebut Harga" />
              <Title LCID="1044" Text="Tilbud" />
              <Title LCID="1043" Text="Prijsopgave" />
              <Title LCID="1045" Text="Oferta" />
              <Title LCID="1046" Text="Cotação" />
              <Title LCID="2070" Text="Proposta" />
              <Title LCID="1048" Text="Ofertă" />
              <Title LCID="1049" Text="Предложение с расценками" />
              <Title LCID="1051" Text="Cenová ponuka" />
              <Title LCID="1060" Text="Ponudba" />
              <Title LCID="10266" Text="Понуда" />
              <Title LCID="9242" Text="Ponuda" />
              <Title LCID="1053" Text="Offert" />
              <Title LCID="1054" Text="ใบเสนอราคา" />
              <Title LCID="1055" Text="Teklif" />
              <Title LCID="1058" Text="Цінова пропозиція" />
              <Title LCID="1066" Text="Báo giá" />
              <Title LCID="2052" Text="报价单" />
              <Title LCID="3076" Text="報價" />
              <Title LCID="1028" Text="報價" />
            </Titles>
          </NavBarByRelationshipItem>
          <NavBarByRelationshipItem RelationshipName="Contact_CustomerAddress" Id="navAddresses" Sequence="10" Area="Info" Show="false">
            <Privileges>
              <Privilege Entity="" Privilege="ReadActivity" />
            </Privileges>
            <Titles>
              <Title LCID="1033" Text="Addresses" />
              <Title LCID="1025" Text="العناوين" />
              <Title LCID="1026" Text="Адреси" />
              <Title LCID="1027" Text="Adreces" />
              <Title LCID="1029" Text="Adresy" />
              <Title LCID="1030" Text="Adresser" />
              <Title LCID="1031" Text="Adressen" />
              <Title LCID="1032" Text="Διευθύνσεις" />
              <Title LCID="3082" Text="Direcciones" />
              <Title LCID="1061" Text="Aadressid" />
              <Title LCID="1069" Text="Helbideak" />
              <Title LCID="1035" Text="Osoitteet" />
              <Title LCID="1036" Text="Adresses" />
              <Title LCID="1110" Text="Enderezos" />
              <Title LCID="1037" Text="כתובות" />
              <Title LCID="1081" Text="पते" />
              <Title LCID="1050" Text="Adrese" />
              <Title LCID="1038" Text="Címek" />
              <Title LCID="1057" Text="Alamat" />
              <Title LCID="1040" Text="Indirizzi" />
              <Title LCID="1041" Text="住所" />
              <Title LCID="1087" Text="Мекенжайлар" />
              <Title LCID="1042" Text="주소" />
              <Title LCID="1063" Text="Adresai" />
              <Title LCID="1062" Text="Adreses" />
              <Title LCID="1086" Text="Alamat" />
              <Title LCID="1044" Text="Adresser" />
              <Title LCID="1043" Text="Adressen" />
              <Title LCID="1045" Text="Adresy" />
              <Title LCID="1046" Text="Endereços" />
              <Title LCID="2070" Text="Endereços" />
              <Title LCID="1048" Text="Adrese" />
              <Title LCID="1049" Text="Адреса" />
              <Title LCID="1051" Text="Adresy" />
              <Title LCID="1060" Text="Naslovi" />
              <Title LCID="10266" Text="Адресе" />
              <Title LCID="9242" Text="Adrese" />
              <Title LCID="1053" Text="Adresser" />
              <Title LCID="1054" Text="ที่อยู่" />
              <Title LCID="1055" Text="Adresler" />
              <Title LCID="1058" Text="Адреси" />
              <Title LCID="1066" Text="Địa chỉ" />
              <Title LCID="2052" Text="地址" />
              <Title LCID="3076" Text="地址" />
              <Title LCID="1028" Text="地址" />
            </Titles>
          </NavBarByRelationshipItem>
          <NavBarByRelationshipItem RelationshipName="contact_customer_contacts" Id="navSubConts" Sequence="10" Area="Info" Show="false">
            <Privileges>
              <Privilege Entity="" Privilege="ReadActivity" />
            </Privileges>
            <Titles>
              <Title LCID="1033" Text="Contacts" />
              <Title LCID="1025" Text="جهات الاتصال" />
              <Title LCID="1026" Text="Контакти" />
              <Title LCID="1027" Text="Contactes" />
              <Title LCID="1029" Text="Kontakty" />
              <Title LCID="1030" Text="Kontakter" />
              <Title LCID="1031" Text="Kontakte" />
              <Title LCID="1032" Text="Επαφές" />
              <Title LCID="3082" Text="Contactos" />
              <Title LCID="1061" Text="Kontaktid" />
              <Title LCID="1069" Text="Kontaktuak" />
              <Title LCID="1035" Text="Yhteyshenkilöt" />
              <Title LCID="1036" Text="Contacts" />
              <Title LCID="1110" Text="Contactos" />
              <Title LCID="1037" Text="אנשי קשר" />
              <Title LCID="1081" Text="संपर्क" />
              <Title LCID="1050" Text="Kontakti" />
              <Title LCID="1038" Text="Kapcsolattartók" />
              <Title LCID="1057" Text="Kontak" />
              <Title LCID="1040" Text="Contatti" />
              <Title LCID="1041" Text="取引先担当者" />
              <Title LCID="1087" Text="Контактілер" />
              <Title LCID="1042" Text="연락처" />
              <Title LCID="1063" Text="Kontaktai" />
              <Title LCID="1062" Text="Kontaktpersonas" />
              <Title LCID="1086" Text="Kenalan" />
              <Title LCID="1044" Text="Kontakter" />
              <Title LCID="1043" Text="Contactpersonen" />
              <Title LCID="1045" Text="Kontakty" />
              <Title LCID="1046" Text="Contatos" />
              <Title LCID="2070" Text="Contactos" />
              <Title LCID="1048" Text="Persoane de contact" />
              <Title LCID="1049" Text="Контакты" />
              <Title LCID="1051" Text="Kontakty" />
              <Title LCID="1060" Text="Stiki" />
              <Title LCID="10266" Text="Контакти" />
              <Title LCID="9242" Text="Kontakti" />
              <Title LCID="1053" Text="Kontakter" />
              <Title LCID="1054" Text="ผู้ติดต่อ" />
              <Title LCID="1055" Text="İlgili Kişiler" />
              <Title LCID="1058" Text="Контактні особи" />
              <Title LCID="1066" Text="Người liên hệ" />
              <Title LCID="2052" Text="联系人" />
              <Title LCID="3076" Text="連絡人" />
              <Title LCID="1028" Text="連絡人" />
            </Titles>
          </NavBarByRelationshipItem>
          <NavBarByRelationshipItem RelationshipName="contact_customer_relationship_customer" Id="navRelationships" Sequence="10" Area="Info" Show="false">
            <Privileges>
              <Privilege Entity="" Privilege="ReadActivity" />
            </Privileges>
            <Titles>
              <Title LCID="1033" Text="CustomerRelationship" />
              <Title LCID="1025" Text="CustomerRelationship" />
              <Title LCID="1026" Text="CustomerRelationship" />
              <Title LCID="1027" Text="CustomerRelationship" />
              <Title LCID="1029" Text="CustomerRelationship" />
              <Title LCID="1030" Text="CustomerRelationship" />
              <Title LCID="1031" Text="CustomerRelationship" />
              <Title LCID="1032" Text="CustomerRelationship" />
              <Title LCID="3082" Text="CustomerRelationship" />
              <Title LCID="1061" Text="CustomerRelationship" />
              <Title LCID="1069" Text="CustomerRelationship" />
              <Title LCID="1035" Text="CustomerRelationship" />
              <Title LCID="1036" Text="CustomerRelationship" />
              <Title LCID="1110" Text="CustomerRelationship" />
              <Title LCID="1037" Text="CustomerRelationship" />
              <Title LCID="1081" Text="CustomerRelationship" />
              <Title LCID="1050" Text="CustomerRelationship" />
              <Title LCID="1038" Text="CustomerRelationship" />
              <Title LCID="1057" Text="CustomerRelationship" />
              <Title LCID="1040" Text="CustomerRelationship" />
              <Title LCID="1041" Text="CustomerRelationship" />
              <Title LCID="1087" Text="CustomerRelationship" />
              <Title LCID="1042" Text="CustomerRelationship" />
              <Title LCID="1063" Text="CustomerRelationship" />
              <Title LCID="1062" Text="CustomerRelationship" />
              <Title LCID="1086" Text="CustomerRelationship" />
              <Title LCID="1044" Text="CustomerRelationship" />
              <Title LCID="1043" Text="CustomerRelationship" />
              <Title LCID="1045" Text="CustomerRelationship" />
              <Title LCID="1046" Text="CustomerRelationship" />
              <Title LCID="2070" Text="CustomerRelationship" />
              <Title LCID="1048" Text="CustomerRelationship" />
              <Title LCID="1049" Text="CustomerRelationship" />
              <Title LCID="1051" Text="CustomerRelationship" />
              <Title LCID="1060" Text="CustomerRelationship" />
              <Title LCID="10266" Text="CustomerRelationship" />
              <Title LCID="9242" Text="CustomerRelationship" />
              <Title LCID="1053" Text="CustomerRelationship" />
              <Title LCID="1054" Text="CustomerRelationship" />
              <Title LCID="1055" Text="CustomerRelationship" />
              <Title LCID="1058" Text="CustomerRelationship" />
              <Title LCID="1066" Text="CustomerRelationship" />
              <Title LCID="2052" Text="CustomerRelationship" />
              <Title LCID="3076" Text="CustomerRelationship" />
              <Title LCID="1028" Text="CustomerRelationship" />
            </Titles>
          </NavBarByRelationshipItem>
          <NavBarByRelationshipItem RelationshipName="hardcoded_{B7196B13-6B9D-42CD-BD58-B19A3953126F}navAsyncOperations" Sequence="9500" Area="ProcessCenter" Id="navAsyncOperations" Show="false">
            <Titles>
              <Title LCID="1033" Text="Workflows" />
              <Title LCID="1025" Text="عمليات سير العمل" />
              <Title LCID="1026" Text="Работни потоци" />
              <Title LCID="1027" Text="Fluxos de treball" />
              <Title LCID="1029" Text="Pracovní postupy" />
              <Title LCID="1030" Text="Arbejdsprocesser" />
              <Title LCID="1031" Text="Workflows" />
              <Title LCID="1032" Text="Ροές εργασιών" />
              <Title LCID="3082" Text="Flujos de trabajo" />
              <Title LCID="1061" Text="Töövood" />
              <Title LCID="1069" Text="Lan-fluxuak" />
              <Title LCID="1035" Text="Työnkulut" />
              <Title LCID="1036" Text="Workflows" />
              <Title LCID="1110" Text="Fluxos de traballo" />
              <Title LCID="1037" Text="זרימות עבודה" />
              <Title LCID="1081" Text="कार्य प्रवाह" />
              <Title LCID="1050" Text="Tjekovi rada" />
              <Title LCID="1038" Text="Munkafolyamatok" />
              <Title LCID="1057" Text="Alur Kerja" />
              <Title LCID="1040" Text="Flussi di lavoro" />
              <Title LCID="1041" Text="ワークフロー" />
              <Title LCID="1087" Text="Жұмыс ағындары" />
              <Title LCID="1042" Text="워크플로" />
              <Title LCID="1063" Text="Darbo eigos" />
              <Title LCID="1062" Text="Darbplūsmas" />
              <Title LCID="1086" Text="Aliran Kerja" />
              <Title LCID="1044" Text="Arbeidsflyter" />
              <Title LCID="1043" Text="Werkstromen" />
              <Title LCID="1045" Text="Przepływy pracy" />
              <Title LCID="1046" Text="Fluxos de Trabalho" />
              <Title LCID="2070" Text="Fluxos de Trabalho" />
              <Title LCID="1048" Text="Fluxuri de lucru" />
              <Title LCID="1049" Text="Бизнес-процессы" />
              <Title LCID="1051" Text="Pracovné postupy" />
              <Title LCID="1060" Text="Poteki dela" />
              <Title LCID="10266" Text="Токови посла" />
              <Title LCID="9242" Text="Tokovi posla" />
              <Title LCID="1053" Text="Arbetsflöden" />
              <Title LCID="1054" Text="เวิร์กโฟลว์" />
              <Title LCID="1055" Text="İş Akışları" />
              <Title LCID="1058" Text="Робочі цикли" />
              <Title LCID="1066" Text="Quy trình làm việc" />
              <Title LCID="2052" Text="工作流" />
              <Title LCID="3076" Text="工作流程" />
              <Title LCID="1028" Text="工作流程" />
            </Titles>
          </NavBarByRelationshipItem>
          <NavBarByRelationshipItem RelationshipName="hardcoded_{B7196B13-6B9D-42CD-BD58-B19A3953126F}navProcessSessions" Sequence="9700" Area="ProcessCenter" Id="navProcessSessions" Show="false">
            <Titles>
              <Title LCID="1033" Text="Dialog Sessions" />
              <Title LCID="1025" Text="جلسات عمل الحوار" />
              <Title LCID="1026" Text="Диалогови сесии" />
              <Title LCID="1027" Text="Sessions del diàleg" />
              <Title LCID="1029" Text="Relace dialogů" />
              <Title LCID="1030" Text="Dialogsessioner" />
              <Title LCID="1031" Text="Dialogsitzungen" />
              <Title LCID="1032" Text="Περίοδοι λειτουργίας παραθύρου διαλόγου" />
              <Title LCID="3082" Text="Sesiones de diálogo" />
              <Title LCID="1061" Text="Dialoogiseansid" />
              <Title LCID="1069" Text="Elkarrizketa-saioak" />
              <Title LCID="1035" Text="Dialogi-istunnot" />
              <Title LCID="1036" Text="Sessions de dialogue" />
              <Title LCID="1110" Text="Sesións de diálogo" />
              <Title LCID="1037" Text="הפעלות דו-שיח" />
              <Title LCID="1081" Text="संवाद सत्र" />
              <Title LCID="1050" Text="Sesije dijaloga" />
              <Title LCID="1038" Text="Párbeszéd-munkamenetek" />
              <Title LCID="1057" Text="Sesi Dialog" />
              <Title LCID="1040" Text="Sessioni di interazione" />
              <Title LCID="1041" Text="ダイアログ セッション" />
              <Title LCID="1087" Text="Диалог сеанстары" />
              <Title LCID="1042" Text="대화 세션" />
              <Title LCID="1063" Text="Dialogo seansai" />
              <Title LCID="1062" Text="Dialogu sesijas" />
              <Title LCID="1086" Text="Sesi Dialog" />
              <Title LCID="1044" Text="Dialogøkter" />
              <Title LCID="1043" Text="Dialoogvenstersessies" />
              <Title LCID="1045" Text="Sesje dialogowe" />
              <Title LCID="1046" Text="Sessões de Diálogo" />
              <Title LCID="2070" Text="Sessões de Diálogo" />
              <Title LCID="1048" Text="Sesiuni de dialog" />
              <Title LCID="1049" Text="Сеансы диалогового окна" />
              <Title LCID="1051" Text="Relácie dialógového okna" />
              <Title LCID="1060" Text="Seje dialoga" />
              <Title LCID="10266" Text="Сесије дијалога" />
              <Title LCID="9242" Text="Sesije dijaloga" />
              <Title LCID="1053" Text="Dialogsessioner" />
              <Title LCID="1054" Text="เซสชันของกล่องโต้ตอบ" />
              <Title LCID="1055" Text="Diyalog Oturumları" />
              <Title LCID="1058" Text="Сеанси діалогу" />
              <Title LCID="1066" Text="Phiên hộp thoại" />
              <Title LCID="2052" Text="对话会话" />
              <Title LCID="3076" Text="對話方塊工作階段" />
              <Title LCID="1028" Text="對話方塊工作階段" />
            </Titles>
          </NavBarByRelationshipItem>
        </NavBar>
        <NavBarAreas>
          <NavBarArea Id="Info">
            <Titles>
              <Title LCID="1033" Text="Common" />
              <Title LCID="1025" Text="Common" />
              <Title LCID="1026" Text="Common" />
              <Title LCID="1027" Text="Common" />
              <Title LCID="1029" Text="Common" />
              <Title LCID="1030" Text="Common" />
              <Title LCID="1031" Text="Common" />
              <Title LCID="1032" Text="Common" />
              <Title LCID="3082" Text="Common" />
              <Title LCID="1061" Text="Common" />
              <Title LCID="1069" Text="Common" />
              <Title LCID="1035" Text="Common" />
              <Title LCID="1036" Text="Common" />
              <Title LCID="1110" Text="Common" />
              <Title LCID="1037" Text="Common" />
              <Title LCID="1081" Text="Common" />
              <Title LCID="1050" Text="Common" />
              <Title LCID="1038" Text="Common" />
              <Title LCID="1057" Text="Common" />
              <Title LCID="1040" Text="Common" />
              <Title LCID="1041" Text="Common" />
              <Title LCID="1087" Text="Common" />
              <Title LCID="1042" Text="Common" />
              <Title LCID="1063" Text="Common" />
              <Title LCID="1062" Text="Common" />
              <Title LCID="1086" Text="Common" />
              <Title LCID="1044" Text="Common" />
              <Title LCID="1043" Text="Common" />
              <Title LCID="1045" Text="Common" />
              <Title LCID="1046" Text="Common" />
              <Title LCID="2070" Text="Common" />
              <Title LCID="1048" Text="Common" />
              <Title LCID="1049" Text="Common" />
              <Title LCID="1051" Text="Common" />
              <Title LCID="1060" Text="Common" />
              <Title LCID="10266" Text="Common" />
              <Title LCID="9242" Text="Common" />
              <Title LCID="1053" Text="Common" />
              <Title LCID="1054" Text="Common" />
              <Title LCID="1055" Text="Common" />
              <Title LCID="1058" Text="Common" />
              <Title LCID="1066" Text="Common" />
              <Title LCID="2052" Text="Common" />
              <Title LCID="3076" Text="Common" />
              <Title LCID="1028" Text="Common" />
            </Titles>
          </NavBarArea>
          <NavBarArea Id="Sales">
            <Titles>
              <Title LCID="1033" Text="Sales" />
              <Title LCID="1025" Text="Sales" />
              <Title LCID="1026" Text="Sales" />
              <Title LCID="1027" Text="Sales" />
              <Title LCID="1029" Text="Sales" />
              <Title LCID="1030" Text="Sales" />
              <Title LCID="1031" Text="Sales" />
              <Title LCID="1032" Text="Sales" />
              <Title LCID="3082" Text="Sales" />
              <Title LCID="1061" Text="Sales" />
              <Title LCID="1069" Text="Sales" />
              <Title LCID="1035" Text="Sales" />
              <Title LCID="1036" Text="Sales" />
              <Title LCID="1110" Text="Sales" />
              <Title LCID="1037" Text="Sales" />
              <Title LCID="1081" Text="Sales" />
              <Title LCID="1050" Text="Sales" />
              <Title LCID="1038" Text="Sales" />
              <Title LCID="1057" Text="Sales" />
              <Title LCID="1040" Text="Sales" />
              <Title LCID="1041" Text="Sales" />
              <Title LCID="1087" Text="Sales" />
              <Title LCID="1042" Text="Sales" />
              <Title LCID="1063" Text="Sales" />
              <Title LCID="1062" Text="Sales" />
              <Title LCID="1086" Text="Sales" />
              <Title LCID="1044" Text="Sales" />
              <Title LCID="1043" Text="Sales" />
              <Title LCID="1045" Text="Sales" />
              <Title LCID="1046" Text="Sales" />
              <Title LCID="2070" Text="Sales" />
              <Title LCID="1048" Text="Sales" />
              <Title LCID="1049" Text="Sales" />
              <Title LCID="1051" Text="Sales" />
              <Title LCID="1060" Text="Sales" />
              <Title LCID="10266" Text="Sales" />
              <Title LCID="9242" Text="Sales" />
              <Title LCID="1053" Text="Sales" />
              <Title LCID="1054" Text="Sales" />
              <Title LCID="1055" Text="Sales" />
              <Title LCID="1058" Text="Sales" />
              <Title LCID="1066" Text="Sales" />
              <Title LCID="2052" Text="Sales" />
              <Title LCID="3076" Text="Sales" />
              <Title LCID="1028" Text="Sales" />
            </Titles>
          </NavBarArea>
          <NavBarArea Id="Service">
            <Titles>
              <Title LCID="1033" Text="Service" />
              <Title LCID="1025" Text="Service" />
              <Title LCID="1026" Text="Service" />
              <Title LCID="1027" Text="Service" />
              <Title LCID="1029" Text="Service" />
              <Title LCID="1030" Text="Service" />
              <Title LCID="1031" Text="Service" />
              <Title LCID="1032" Text="Service" />
              <Title LCID="3082" Text="Service" />
              <Title LCID="1061" Text="Service" />
              <Title LCID="1069" Text="Service" />
              <Title LCID="1035" Text="Service" />
              <Title LCID="1036" Text="Service" />
              <Title LCID="1110" Text="Service" />
              <Title LCID="1037" Text="Service" />
              <Title LCID="1081" Text="Service" />
              <Title LCID="1050" Text="Service" />
              <Title LCID="1038" Text="Service" />
              <Title LCID="1057" Text="Service" />
              <Title LCID="1040" Text="Service" />
              <Title LCID="1041" Text="Service" />
              <Title LCID="1087" Text="Service" />
              <Title LCID="1042" Text="Service" />
              <Title LCID="1063" Text="Service" />
              <Title LCID="1062" Text="Service" />
              <Title LCID="1086" Text="Service" />
              <Title LCID="1044" Text="Service" />
              <Title LCID="1043" Text="Service" />
              <Title LCID="1045" Text="Service" />
              <Title LCID="1046" Text="Service" />
              <Title LCID="2070" Text="Service" />
              <Title LCID="1048" Text="Service" />
              <Title LCID="1049" Text="Service" />
              <Title LCID="1051" Text="Service" />
              <Title LCID="1060" Text="Service" />
              <Title LCID="10266" Text="Service" />
              <Title LCID="9242" Text="Service" />
              <Title LCID="1053" Text="Service" />
              <Title LCID="1054" Text="Service" />
              <Title LCID="1055" Text="Service" />
              <Title LCID="1058" Text="Service" />
              <Title LCID="1066" Text="Service" />
              <Title LCID="2052" Text="Service" />
              <Title LCID="3076" Text="Service" />
              <Title LCID="1028" Text="Service" />
            </Titles>
          </NavBarArea>
          <NavBarArea Id="Marketing">
            <Titles>
              <Title LCID="1033" Text="Marketing" />
              <Title LCID="1025" Text="Marketing" />
              <Title LCID="1026" Text="Marketing" />
              <Title LCID="1027" Text="Marketing" />
              <Title LCID="1029" Text="Marketing" />
              <Title LCID="1030" Text="Marketing" />
              <Title LCID="1031" Text="Marketing" />
              <Title LCID="1032" Text="Marketing" />
              <Title LCID="3082" Text="Marketing" />
              <Title LCID="1061" Text="Marketing" />
              <Title LCID="1069" Text="Marketing" />
              <Title LCID="1035" Text="Marketing" />
              <Title LCID="1036" Text="Marketing" />
              <Title LCID="1110" Text="Marketing" />
              <Title LCID="1037" Text="Marketing" />
              <Title LCID="1081" Text="Marketing" />
              <Title LCID="1050" Text="Marketing" />
              <Title LCID="1038" Text="Marketing" />
              <Title LCID="1057" Text="Marketing" />
              <Title LCID="1040" Text="Marketing" />
              <Title LCID="1041" Text="Marketing" />
              <Title LCID="1087" Text="Marketing" />
              <Title LCID="1042" Text="Marketing" />
              <Title LCID="1063" Text="Marketing" />
              <Title LCID="1062" Text="Marketing" />
              <Title LCID="1086" Text="Marketing" />
              <Title LCID="1044" Text="Marketing" />
              <Title LCID="1043" Text="Marketing" />
              <Title LCID="1045" Text="Marketing" />
              <Title LCID="1046" Text="Marketing" />
              <Title LCID="2070" Text="Marketing" />
              <Title LCID="1048" Text="Marketing" />
              <Title LCID="1049" Text="Marketing" />
              <Title LCID="1051" Text="Marketing" />
              <Title LCID="1060" Text="Marketing" />
              <Title LCID="10266" Text="Marketing" />
              <Title LCID="9242" Text="Marketing" />
              <Title LCID="1053" Text="Marketing" />
              <Title LCID="1054" Text="Marketing" />
              <Title LCID="1055" Text="Marketing" />
              <Title LCID="1058" Text="Marketing" />
              <Title LCID="1066" Text="Marketing" />
              <Title LCID="2052" Text="Marketing" />
              <Title LCID="3076" Text="Marketing" />
              <Title LCID="1028" Text="Marketing" />
            </Titles>
          </NavBarArea>
          <NavBarArea Id="ProcessCenter">
            <Titles>
              <Title LCID="1033" Text="Process Sessions" />
              <Title LCID="1025" Text="Process Sessions" />
              <Title LCID="1026" Text="Process Sessions" />
              <Title LCID="1027" Text="Process Sessions" />
              <Title LCID="1029" Text="Process Sessions" />
              <Title LCID="1030" Text="Process Sessions" />
              <Title LCID="1031" Text="Process Sessions" />
              <Title LCID="1032" Text="Process Sessions" />
              <Title LCID="3082" Text="Process Sessions" />
              <Title LCID="1061" Text="Process Sessions" />
              <Title LCID="1069" Text="Process Sessions" />
              <Title LCID="1035" Text="Process Sessions" />
              <Title LCID="1036" Text="Process Sessions" />
              <Title LCID="1110" Text="Process Sessions" />
              <Title LCID="1037" Text="Process Sessions" />
              <Title LCID="1081" Text="Process Sessions" />
              <Title LCID="1050" Text="Process Sessions" />
              <Title LCID="1038" Text="Process Sessions" />
              <Title LCID="1057" Text="Process Sessions" />
              <Title LCID="1040" Text="Process Sessions" />
              <Title LCID="1041" Text="Process Sessions" />
              <Title LCID="1087" Text="Process Sessions" />
              <Title LCID="1042" Text="Process Sessions" />
              <Title LCID="1063" Text="Process Sessions" />
              <Title LCID="1062" Text="Process Sessions" />
              <Title LCID="1086" Text="Process Sessions" />
              <Title LCID="1044" Text="Process Sessions" />
              <Title LCID="1043" Text="Process Sessions" />
              <Title LCID="1045" Text="Process Sessions" />
              <Title LCID="1046" Text="Process Sessions" />
              <Title LCID="2070" Text="Process Sessions" />
              <Title LCID="1048" Text="Process Sessions" />
              <Title LCID="1049" Text="Process Sessions" />
              <Title LCID="1051" Text="Process Sessions" />
              <Title LCID="1060" Text="Process Sessions" />
              <Title LCID="10266" Text="Process Sessions" />
              <Title LCID="9242" Text="Process Sessions" />
              <Title LCID="1053" Text="Process Sessions" />
              <Title LCID="1054" Text="Process Sessions" />
              <Title LCID="1055" Text="Process Sessions" />
              <Title LCID="1058" Text="Process Sessions" />
              <Title LCID="1066" Text="Process Sessions" />
              <Title LCID="2052" Text="Process Sessions" />
              <Title LCID="3076" Text="Process Sessions" />
              <Title LCID="1028" Text="Process Sessions" />
            </Titles>
          </NavBarArea>
        </NavBarAreas>
      </Navigation>
      <controlDescriptions />
      <DisplayConditions FallbackForm="true" Order="5">
        <Role Id="{627090ff-40a3-4053-8790-584edc5be201}" />
        <Role Id="{119f245c-3cc8-4b62-b31c-d1a046ced15d}" />
      </DisplayConditions>
    </form>
    <IsCustomizable>1</IsCustomizable>
    <CanBeDeleted>1</CanBeDeleted>
    <LocalizedNames>
      <LocalizedName description="Higher Education Faculty Form" languagecode="1033" />
    </LocalizedNames>
    <Descriptions>
      <Description description="Higher Education Faculty Form" languagecode="1033" />
    </Descriptions>
  </systemform>
</forms>