﻿<?xml version="1.0" encoding="utf-8"?>
<forms xmlns:xsi="http://www.w3.org/2001/XMLSchema-instance">
  <systemform>
    <formid>{dc419af9-8994-4f86-91db-8d0169c0ad4e}</formid>
    <IntroducedVersion>1.0.0.0</IntroducedVersion>
    <FormPresentation>1</FormPresentation>
    <FormActivationState>1</FormActivationState>
    <form showImage="true" shownavigationbar="true" maxWidth="1920">
      <ancestor id="{1fed44d1-ae68-4a41-bd2b-f13acac4acfa}" />
      <hiddencontrols>
        <data id="fullname" datafieldname="fullname" classid="{5546E6CD-394C-4bee-94A8-4425E17EF6C6}" />
        <data id="address1_addressid" datafieldname="address1_addressid" classid="{5546E6CD-394C-4bee-94A8-4425E17EF6C6}" />
        <data id="address2_addressid" datafieldname="address2_addressid" classid="{5546E6CD-394C-4bee-94A8-4425E17EF6C6}" />
      </hiddencontrols>
      <tabs>
        <tab name="General" id="{7853b8e2-d672-7458-974b-9151ba272ba8}" IsUserDefined="0" locklevel="0" showlabel="true" expanded="true">
          <labels>
            <label description="General" languagecode="1033" />
          </labels>
          <columns>
            <column width="34%">
              <sections>
                <section name="CONTACT_INFORMATION" showlabel="true" showbar="false" id="{9d943649-0387-1882-caa1-36de40d5a86c}" IsUserDefined="0" layout="varwidth" columns="1" labelwidth="115" celllabelposition="Left" labelid="{3bc7a915-0004-4dcd-9b0f-39983f200715}">
                  <labels>
                    <label description="CONTACT INFORMATION" languagecode="1033" />
                  </labels>
                  <rows>
                    <row>
                      <cell id="{542e581d-cca1-5e40-e6d9-d67a9d1468b4}" showlabel="true" locklevel="0" labelid="{1256ce78-77c9-418a-8141-537c14500c91}">
                        <labels>
                          <label description="Full Name" languagecode="1033" />
                        </labels>
                        <control id="fullname" classid="{4273EDBD-AC1D-40d3-9FB2-095C621B552D}" datafieldname="fullname" disabled="false" />
                      </cell>
                    </row>
                    <row>
                      <cell id="{ca983e24-c9ca-320b-b540-cbdb663e730d}" showlabel="true" locklevel="0" labelid="{f46b7d1e-2902-445d-b006-c894734b6e2f}">
                        <labels>
                          <label description="Maiden Name" languagecode="1033" />
                        </labels>
                        <control id="mshied_maidenname" classid="{4273EDBD-AC1D-40d3-9FB2-095C621B552D}" datafieldname="mshied_maidenname" disabled="false" />
                      </cell>
                    </row>
                    <row>
                      <cell id="{b1d3e4d2-11ac-ba85-3b34-4bebd8371416}" showlabel="true" locklevel="0" labelid="{2fb102b8-d407-4b86-bbbd-cb277d1b4bbe}">
                        <labels>
                          <label description="Contact Type" languagecode="1033" />
                        </labels>
                        <control id="mshied_contacttype" classid="{4AA28AB7-9C13-4F57-A73D-AD894D048B5F}" datafieldname="mshied_contacttype" disabled="false" />
                      </cell>
                    </row>
                    <row>
                      <cell id="{7d538a97-98eb-b438-72de-57a808b9a308}" showlabel="true" labelid="{0aa9e31b-efa6-4027-a6b3-29bc8e973da9}">
                        <labels>
                          <label description="Email" languagecode="1033" />
                        </labels>
                        <control id="emailaddress1" classid="{ADA2203E-B4CD-49be-9DDF-234642B43B52}" datafieldname="emailaddress1" disabled="false" />
                      </cell>
                    </row>
                    <row>
                      <cell id="{290b48ba-c0cc-7746-6dda-93e240e4cc78}" showlabel="true" labelid="{116752b9-82ca-4146-90fa-8f15763efa66}">
                        <labels>
                          <label description="Mobile Phone" languagecode="1033" />
                        </labels>
                        <control id="mobilephone" classid="{4273EDBD-AC1D-40d3-9FB2-095C621B552D}" datafieldname="mobilephone" disabled="false" />
                      </cell>
                    </row>
                    <row>
                      <cell id="{408dda0b-48a7-c05c-e29a-56a93eb97172}" showlabel="true" labelid="{04341ed6-b2e3-4445-9327-d0cbab05521d}">
                        <labels>
                          <label description="Preferred Method of Contact" languagecode="1033" />
                        </labels>
                        <control id="preferredcontactmethodcode" classid="{3EF39988-22BB-4f0b-BBBE-64B5A3748AEE}" datafieldname="preferredcontactmethodcode" disabled="false" />
                      </cell>
                    </row>
                    <row>
                      <cell id="{133d09d6-c374-954a-315b-435e1eeb722c}" showlabel="true" locklevel="0" labelid="{b9f1cf9c-8ec5-4b4b-ab9d-059bd50d3e08}">
                        <labels>
                          <label description="Address" languagecode="1033" />
                        </labels>
                        <control id="address1_composite" classid="{E0DECE4B-6FC8-4a8f-A065-082708572369}" datafieldname="address1_composite" disabled="false" />
                      </cell>
                    </row>
                  </rows>
                </section>
                <section name="tab_3_section_4" showlabel="false" showbar="false" locklevel="0" id="{0d25dc1c-3b5d-b8a3-760a-666d79488bb7}" IsUserDefined="0" layout="varwidth" columns="1" labelwidth="115" labelid="{78ae3e4d-6bce-4162-8ff4-5b236a0e8ed5}">
                  <labels>
                    <label description="Section" languagecode="1033" />
                  </labels>
                  <rows>
                    <row>
                      <cell id="{caa7c8ca-0be5-c04d-a50e-4786c123c024}" showlabel="true" locklevel="0">
                        <labels>
                          <label description="Race" languagecode="1033" />
                        </labels>
                        <control id="mshied_race_" classid="{4AA28AB7-9C13-4F57-A73D-AD894D048B5F}" datafieldname="mshied_race_" disabled="false" />
                      </cell>
                    </row>
                    <row>
                      <cell id="{b7a7ba46-82ba-1752-1918-9064be983293}" showlabel="true" locklevel="0" labelid="{795bd82b-da1a-40b2-a7c5-162ecf863075}">
                        <labels>
                          <label description="Nationality" languagecode="1033" />
                        </labels>
                        <control id="mshied_nationality" classid="{3EF39988-22BB-4f0b-BBBE-64B5A3748AEE}" datafieldname="mshied_nationality" disabled="false" />
                      </cell>
                    </row>
                    <row>
                      <cell id="{7b312933-7a80-c146-bce5-0c21e9bdd0de}" showlabel="true" locklevel="0" labelid="{92d07ab1-8963-44ef-945e-bd652a110a04}">
                        <labels>
                          <label description="National Identifier" languagecode="1033" />
                        </labels>
                        <control id="mshied_nationalidentifier" classid="{4273EDBD-AC1D-40d3-9FB2-095C621B552D}" datafieldname="mshied_nationalidentifier" disabled="false" />
                      </cell>
                    </row>
                    <row>
                      <cell id="{127a8bac-5354-5200-a1a0-182b639c7d89}" showlabel="true" locklevel="0" labelid="{731a7128-a3fc-4408-9972-ff9e7ffe8ea3}">
                        <labels>
                          <label description="Ethnic Group" languagecode="1033" />
                        </labels>
                        <control id="mshied_ethnicgroup" classid="{3EF39988-22BB-4f0b-BBBE-64B5A3748AEE}" datafieldname="mshied_ethnicgroup" disabled="false" />
                      </cell>
                    </row>
                    <row>
                      <cell id="{036dea5b-d3e7-696c-4ac7-4d8bb55c1525}" showlabel="true" locklevel="0" labelid="{628ca5f0-ced8-45ad-a199-130d16f4ad37}">
                        <labels>
                          <label description="Last Permanent Residence Country" languagecode="1033" />
                        </labels>
                        <control id="mshied_lastpermanentresidencecountry" classid="{3EF39988-22BB-4f0b-BBBE-64B5A3748AEE}" datafieldname="mshied_lastpermanentresidencecountry" disabled="false" />
                      </cell>
                    </row>
                    <row>
                      <cell id="{8d015907-07b0-65c8-e90e-45cec6224be5}" showlabel="true" locklevel="0" labelid="{3c48e1ff-3969-4a86-a520-4c4906a00e37}">
                        <labels>
                          <label description="Country of Birth" languagecode="1033" />
                        </labels>
                        <control id="mshied_countryofbirth" classid="{3EF39988-22BB-4f0b-BBBE-64B5A3748AEE}" datafieldname="mshied_countryofbirth" disabled="false" />
                      </cell>
                    </row>
                    <row>
                      <cell id="{85e89034-0317-815d-bc2b-e5a29e159846}" showlabel="true" locklevel="0">
                        <labels>
                          <label description="Citizenship" languagecode="1033" />
                        </labels>
                        <control id="mshied_citizenship" classid="{3EF39988-22BB-4f0b-BBBE-64B5A3748AEE}" datafieldname="mshied_citizenship" disabled="false" />
                      </cell>
                    </row>
                    <row>
                      <cell id="{5d6ad912-6e3b-ddd9-00a7-c76c509dc770}" showlabel="true" locklevel="0">
                        <labels>
                          <label description="Citizenship Status" languagecode="1033" />
                        </labels>
                        <control id="mshied_citizenshipstatus" classid="{3EF39988-22BB-4f0b-BBBE-64B5A3748AEE}" datafieldname="mshied_citizenshipstatus" disabled="false" />
                      </cell>
                    </row>
                  </rows>
                </section>
              </sections>
            </column>
            <column width="33%">
              <sections>
                <section name="tab_3_section_2" showlabel="false" showbar="false" locklevel="0" id="{89b60b31-c701-8034-6d4b-c440c1c0870c}" IsUserDefined="0" layout="varwidth" columns="1" labelwidth="115" labelid="{2699aa80-c1e3-4393-bce3-6df1c8379de6}">
                  <labels>
                    <label description="Section" languagecode="1033" />
                  </labels>
                  <rows>
                    <row>
                      <cell id="{c7ddb19a-0135-d8e1-8311-74981445bba0}" showlabel="true" locklevel="0" labelid="{4a6eb4b8-d585-459a-9b5c-20fe146a4486}">
                        <labels>
                          <label description="Current Academic Period" languagecode="1033" />
                        </labels>
                        <control id="mshied_currentacademicperiodid" classid="{270BD3DB-D9AF-4782-9025-509E298DEC0A}" datafieldname="mshied_currentacademicperiodid" disabled="false" />
                      </cell>
                    </row>
                    <row>
                      <cell id="{2b1c2367-ee18-51be-78b6-d24ec214b77a}" showlabel="true" locklevel="0" labelid="{776991f1-e0bf-423e-8a85-b24e48e95934}">
                        <labels>
                          <label description="Current Program" languagecode="1033" />
                        </labels>
                        <control id="mshied_currentprogramid" classid="{270BD3DB-D9AF-4782-9025-509E298DEC0A}" datafieldname="mshied_currentprogramid" disabled="false" />
                      </cell>
                    </row>
                    <row>
                      <cell id="{b952c809-330b-64de-7251-39a16e0eb851}" showlabel="true" locklevel="0" labelid="{4c5dbea1-b32a-4372-8158-2c060f8ba201}">
                        <labels>
                          <label description="Current Program Level" languagecode="1033" />
                        </labels>
                        <control id="mshied_currentprogramlevelid" classid="{270BD3DB-D9AF-4782-9025-509E298DEC0A}" datafieldname="mshied_currentprogramlevelid" disabled="false" />
                      </cell>
                    </row>
                    <row>
                      <cell id="{4a553457-a818-5e55-da4e-081634dc8b79}" showlabel="true" locklevel="0">
                        <labels>
                          <label description="Student Status" languagecode="1033" />
                        </labels>
                        <control id="mshied_studentstatusid" classid="{270BD3DB-D9AF-4782-9025-509E298DEC0A}" datafieldname="mshied_studentstatusid" disabled="false" />
                      </cell>
                    </row>
                  </rows>
                </section>
                <section name="PERSONAL INFORMATION" showlabel="true" showbar="false" id="{0F64B9A3-01F2-4411-B0B5-6C6C39D7B011}" IsUserDefined="0" columns="1" labelwidth="115" celllabelposition="Left" labelid="{0bf14404-2071-46cf-bea7-67a10946dc66}">
                  <labels>
                    <label description="PERSONAL" languagecode="1033" />
                  </labels>
                  <rows>
                    <row>
                      <cell id="{d89712aa-d723-17b7-45c3-70041e8d4e19}" showlabel="true" locklevel="0">
                        <labels>
                          <label description="Manual Risk Score" languagecode="1033" />
                        </labels>
                        <control id="mshied_manualriskscore" classid="{4273EDBD-AC1D-40d3-9FB2-095C621B552D}" datafieldname="mshied_manualriskscore" disabled="false" />
                      </cell>
                    </row>
                    <row>
                      <cell id="{cb391eb8-02ec-0ee6-9d92-6996d4311809}" showlabel="true" labelid="{45651877-0dcb-48f4-8227-f5117d566411}" locklevel="0">
                        <labels>
                          <label description="Gender" languagecode="1033" />
                        </labels>
                        <control id="gendercode" classid="{3EF39988-22BB-4f0b-BBBE-64B5A3748AEE}" datafieldname="gendercode" disabled="false" uniqueid="{99ab6631-40a7-6ab9-3c2a-ddb8bd08e045}" />
                      </cell>
                    </row>
                    <row>
                      <cell id="{2d8cee50-7123-01e7-c2cc-0068c0ecc4c0}" showlabel="true" labelid="{c4b3ecbf-1dc6-441a-87ba-0d9f6fe6003d}">
                        <labels>
                          <label description="Marital Status" languagecode="1033" />
                        </labels>
                        <control id="familystatuscode" classid="{3EF39988-22BB-4f0b-BBBE-64B5A3748AEE}" datafieldname="familystatuscode" disabled="false" />
                      </cell>
                    </row>
                    <row>
                      <cell id="{450c5a59-c7de-1289-0934-9a04bc4e1c72}" showlabel="true" labelid="{b4f22844-87c1-460c-9cd3-ce51f774e7a5}">
                        <labels>
                          <label description="Spouse/Partner Name" languagecode="1033" />
                        </labels>
                        <control id="spousesname" classid="{4273EDBD-AC1D-40d3-9FB2-095C621B552D}" datafieldname="spousesname" disabled="false" />
                      </cell>
                    </row>
                    <row>
                      <cell id="{bac50a31-27a0-c7e2-3ab3-5d6aa8895c6e}" showlabel="true" labelid="{abf7df56-ff35-4f3a-8e0b-6dcefab6210c}">
                        <labels>
                          <label description="Birthday" languagecode="1033" />
                        </labels>
                        <control id="birthdate" classid="{5B773807-9FB2-42db-97C3-7A91EFF8ADFF}" datafieldname="birthdate" disabled="false" />
                      </cell>
                    </row>
                    <row>
                      <cell id="{ba714204-2499-db47-78e0-d8795307301d}" showlabel="true" labelid="{3b8eca15-9845-49c1-91cb-7b48e22a5cc7}">
                        <labels>
                          <label description="Anniversary" languagecode="1033" />
                        </labels>
                        <control id="anniversary" classid="{5B773807-9FB2-42db-97C3-7A91EFF8ADFF}" datafieldname="anniversary" disabled="false" />
                      </cell>
                    </row>
                  </rows>
                </section>
              </sections>
            </column>
            <column width="33%">
              <sections>
                <section name="General_section_6" showlabel="false" showbar="false" locklevel="0" id="{39ab00b4-8bd9-5ce9-6a86-aca47a7c9c94}" IsUserDefined="0" layout="varwidth" columns="1" labelwidth="115">
                  <labels>
                    <label description="Section" languagecode="1033" />
                  </labels>
                  <rows>
                    <row>
                      <cell id="{25ede921-2e7a-e060-2855-090dd1098725}" showlabel="false" colspan="1" auto="false" rowspan="12">
                        <labels>
                          <label description="Academic Period Details (Student)" languagecode="1033" />
                        </labels>
                        <control id="Credits" classid="{E7A81278-8635-4d9e-8D4D-59480B391C5B}" indicationOfSubgrid="true" uniqueid="{56896798-0557-ee65-9d37-588ee6306333}">
                          <parameters>
                            <ViewId>{92108403-8040-4BE3-AF5E-F051886F46A2}</ViewId>
                            <IsUserView>false</IsUserView>
                            <RelationshipName>mshied_contact_academicperioddetails_StudentId</RelationshipName>
                            <TargetEntityType>mshied_academicperioddetails</TargetEntityType>
                            <AutoExpand>Fixed</AutoExpand>
                            <EnableQuickFind>false</EnableQuickFind>
                            <EnableViewPicker>false</EnableViewPicker>
                            <ViewIds>{92108403-8040-4BE3-AF5E-F051886F46A2}</ViewIds>
                            <EnableJumpBar>false</EnableJumpBar>
                            <ChartGridMode>Chart</ChartGridMode>
                            <VisualizationId>{DCF7BCB8-C8CC-E811-A96D-000D3A1C5CC0}</VisualizationId>
                            <IsUserChart>false</IsUserChart>
                            <EnableChartPicker>false</EnableChartPicker>
                            <RecordsPerPage>12</RecordsPerPage>
                            <HeaderColorCode>#F3F3F3</HeaderColorCode>
                          </parameters>
                        </control>
                      </cell>
                    </row>
                    <row />
                    <row />
                    <row />
                    <row />
                    <row />
                    <row />
                    <row />
                    <row />
                    <row />
                    <row />
                    <row />
                  </rows>
                </section>
                <section name="tab_3_section_3" showlabel="false" showbar="false" locklevel="0" id="{45d89d50-282e-0337-7d38-d69bb4d7d584}" IsUserDefined="0" layout="varwidth" columns="1" labelwidth="115" labelid="{acbc72bc-f083-4120-ad4a-2cbeb8860b98}">
                  <labels>
                    <label description="Section" languagecode="1033" />
                  </labels>
                  <rows>
                    <row>
                      <cell id="{971de537-7a1e-b65c-2d7c-7932d8c5873e}" showlabel="true" locklevel="0">
                        <labels>
                          <label description="Is Deceased?" languagecode="1033" />
                        </labels>
                        <control id="mshied_isdeceased" classid="{67FAC785-CD58-4f9f-ABB3-4B7DDC6ED5ED}" datafieldname="mshied_isdeceased" disabled="false" />
                      </cell>
                    </row>
                    <row>
                      <cell id="{7686daae-24bd-2383-5463-8d4e633dcd5d}" showlabel="true" locklevel="0" labelid="{529bb8bc-0f78-4851-8faa-150f5d5f10bc}">
                        <labels>
                          <label description="Legacy" languagecode="1033" />
                        </labels>
                        <control id="mshied_legacy" classid="{67FAC785-CD58-4f9f-ABB3-4B7DDC6ED5ED}" datafieldname="mshied_legacy" disabled="false" />
                      </cell>
                    </row>
                    <row>
                      <cell id="{10dbe97d-cd37-8305-7ca2-90187c964256}" showlabel="true" locklevel="0" labelid="{f07bad8f-e3c5-43de-9f8c-cab40bced737}">
                        <labels>
                          <label description="Miltary Status" languagecode="1033" />
                        </labels>
                        <control id="mshied_miltarystatus" classid="{3EF39988-22BB-4f0b-BBBE-64B5A3748AEE}" datafieldname="mshied_miltarystatus" disabled="false" />
                      </cell>
                    </row>
                    <row>
                      <cell id="{aa378890-81d8-621a-8d82-301bd7ac3b6a}" showlabel="true" locklevel="0" labelid="{c3821388-f347-46ab-a4a4-5ecc61d1f26b}">
                        <labels>
                          <label description="HIPAA Indicator" languagecode="1033" />
                        </labels>
                        <control id="mshied_hipaaindicator" classid="{67FAC785-CD58-4f9f-ABB3-4B7DDC6ED5ED}" datafieldname="mshied_hipaaindicator" disabled="false" />
                      </cell>
                    </row>
                    <row>
                      <cell id="{29669a6b-b95c-1330-9a7e-3a94721dd395}" showlabel="true" locklevel="0" labelid="{303b364c-fba6-4da1-9c4f-fe266a84dfe9}">
                        <labels>
                          <label description="First Generation" languagecode="1033" />
                        </labels>
                        <control id="mshied_firstgeneration" classid="{67FAC785-CD58-4f9f-ABB3-4B7DDC6ED5ED}" datafieldname="mshied_firstgeneration" disabled="false" />
                      </cell>
                    </row>
                    <row>
                      <cell id="{4bd0a94a-98dc-eb4a-b127-b1d285d63194}" showlabel="true" locklevel="0" labelid="{cdd81ab5-32fa-4545-ae3f-50e9ad09292d}">
                        <labels>
                          <label description="FERPA Privacy" languagecode="1033" />
                        </labels>
                        <control id="mshied_ferpaprivacy" classid="{67FAC785-CD58-4f9f-ABB3-4B7DDC6ED5ED}" datafieldname="mshied_ferpaprivacy" disabled="false" />
                      </cell>
                    </row>
                  </rows>
                </section>
              </sections>
            </column>
          </columns>
        </tab>
        <tab name="StudentDetails" id="{6cbb1c11-804a-4e25-124b-7d6681c182d9}" IsUserDefined="0" locklevel="0" showlabel="true" expanded="true">
          <labels>
            <label description="Student Details" languagecode="1033" />
          </labels>
          <columns>
            <column width="50%">
              <sections>
                <section name="AreasofStudy" showlabel="true" showbar="false" locklevel="0" id="{5032c433-3abb-d407-9b68-d1792315786e}" IsUserDefined="0" layout="varwidth" columns="1" labelwidth="115" celllabelalignment="Left" celllabelposition="Left">
                  <labels>
                    <label description="Areas of Study" languagecode="1033" />
                  </labels>
                  <rows>
                    <row>
                      <cell id="{477c8885-98e2-6d3e-be11-d5070e878c1e}" showlabel="false" colspan="1" auto="false" rowspan="6">
                        <labels>
                          <label description="Area of Studies" languagecode="1033" />
                        </labels>
                        <control id="AreasofStudy" classid="{E7A81278-8635-4d9e-8D4D-59480B391C5B}" indicationOfSubgrid="true">
                          <parameters>
                            <ViewId>{5F62C79A-2889-4BFA-98C9-84B555705F37}</ViewId>
                            <IsUserView>false</IsUserView>
                            <RelationshipName>mshied_contact_areaofstudy</RelationshipName>
                            <TargetEntityType>mshied_areaofstudy</TargetEntityType>
                            <AutoExpand>Fixed</AutoExpand>
                            <EnableQuickFind>false</EnableQuickFind>
                            <EnableViewPicker>false</EnableViewPicker>
                            <ViewIds>{5F62C79A-2889-4BFA-98C9-84B555705F37}</ViewIds>
                            <EnableJumpBar>false</EnableJumpBar>
                            <ChartGridMode>Grid</ChartGridMode>
                            <VisualizationId>{92ED65A2-26CE-E811-A967-000D3A1C53E4}</VisualizationId>
                            <IsUserChart>false</IsUserChart>
                            <EnableChartPicker>false</EnableChartPicker>
                            <RecordsPerPage>4</RecordsPerPage>
                            <HeaderColorCode>#F3F3F3</HeaderColorCode>
                            <RelationshipRoleOrdinal>1</RelationshipRoleOrdinal>
                          </parameters>
                        </control>
                      </cell>
                    </row>
                    <row />
                    <row />
                    <row />
                    <row />
                    <row />
                  </rows>
                </section>
              </sections>
            </column>
            <column width="50%">
              <sections>
                <section name="AreasofInterest" showlabel="true" showbar="false" locklevel="0" id="{54ec670a-3152-0b49-363d-3174a617ace5}" IsUserDefined="0" layout="varwidth" columns="1" labelwidth="115" celllabelalignment="Left" celllabelposition="Left">
                  <labels>
                    <label description="Areas of Interest" languagecode="1033" />
                  </labels>
                  <rows>
                    <row>
                      <cell id="{ada84199-d3b4-0bd0-eca5-9197e90bed74}" showlabel="false" colspan="1" auto="false" rowspan="6">
                        <labels>
                          <label description="Areas of Interest" languagecode="1033" />
                        </labels>
                        <control id="AreasofInterest" classid="{E7A81278-8635-4d9e-8D4D-59480B391C5B}" indicationOfSubgrid="true" uniqueid="{b2a55cd4-acee-7a61-82d2-cd8bc0ce2781}">
                          <parameters>
                            <ViewId>{5516C0D7-C4A2-4F34-A745-5B2046907688}</ViewId>
                            <IsUserView>false</IsUserView>
                            <RelationshipName>mshied_contact_areaofinterest</RelationshipName>
                            <TargetEntityType>mshied_areaofinterest</TargetEntityType>
                            <AutoExpand>Fixed</AutoExpand>
                            <EnableQuickFind>false</EnableQuickFind>
                            <EnableViewPicker>false</EnableViewPicker>
                            <ViewIds>{5516C0D7-C4A2-4F34-A745-5B2046907688}</ViewIds>
                            <EnableJumpBar>false</EnableJumpBar>
                            <ChartGridMode>Grid</ChartGridMode>
                            <VisualizationId />
                            <IsUserChart>false</IsUserChart>
                            <EnableChartPicker>false</EnableChartPicker>
                            <RecordsPerPage>4</RecordsPerPage>
                            <HeaderColorCode>#F3F3F3</HeaderColorCode>
                            <RelationshipRoleOrdinal>1</RelationshipRoleOrdinal>
                          </parameters>
                        </control>
                      </cell>
                    </row>
                    <row />
                    <row />
                    <row />
                    <row />
                    <row />
                  </rows>
                </section>
              </sections>
            </column>
          </columns>
        </tab>
        <tab name="tab_11" id="{e9068526-3517-0938-b766-caa8391336d1}" IsUserDefined="0" locklevel="0" showlabel="true" expanded="true">
          <labels>
            <label description="Timeline" languagecode="1033" />
          </labels>
          <columns>
            <column width="100%">
              <sections>
                <section name="tab_11_section_1" showlabel="false" showbar="false" locklevel="0" id="{ae19a9c3-a7ad-48c9-c93b-c3a86d3e2664}" IsUserDefined="0" layout="varwidth" columns="1" labelwidth="115" celllabelalignment="Left" celllabelposition="Left">
                  <labels>
                    <label description="Timeline" languagecode="1033" />
                  </labels>
                  <rows>
                    <row>
                      <cell id="{a415da76-1632-2dda-45ba-3829e3c181e9}" showlabel="false">
                        <labels>
                          <label description="" languagecode="1033" />
                        </labels>
                      </cell>
                    </row>
                    <row>
                      <cell id="{a92c77ba-17cd-8de9-5987-e90ccd5ac5db}" showlabel="false" rowspan="15" auto="false" colspan="1" locklevel="0">
                        <labels>
                          <label description="Note Text" languagecode="1033" />
                        </labels>
                        <control id="notescontrol" classid="{06375649-c143-495e-a496-c962e5b4488e}" uniqueid="{453b567e-196e-49cb-d174-d73dacc7d2b2}" disabled="false">
                          <parameters>
                            <UClientUniqueName>Timeline</UClientUniqueName>
                            <UClientModules>Activities</UClientModules>
                            <UClientDefaultModuleForCreateExperience>Notes</UClientDefaultModuleForCreateExperience>
                            <UClientShowFilterPane>true</UClientShowFilterPane>
                            <UClientExpandFilterPane>false</UClientExpandFilterPane>
                            <UClientOrderBy>descending</UClientOrderBy>
                            <UClientRecordPerPage>10</UClientRecordPerPage>
                            <UClientActivities>task</UClientActivities>
                            <UClientSortActivitiesByValue>scheduledend</UClientSortActivitiesByValue>
                            <UClientDisplayActivityHeaderUsing>defaultformat</UClientDisplayActivityHeaderUsing>
                            <UClientCreateActivityUsing>quickcreateform</UClientCreateActivityUsing>
                            <UClientDisplayActivityUsing>defaultfields</UClientDisplayActivityUsing>
                            <DefaultTabId>ActivitiesTab</DefaultTabId>
                            <OrderByActivityWall>descending</OrderByActivityWall>
                            <SortActivityWall>modifiedon</SortActivityWall>
                            <EmailConversationView>true</EmailConversationView>
                            <ShowArticleTab>false</ShowArticleTab>
                            <SelectDefaultLanguage>00000000-0000-0000-0000-000000000000</SelectDefaultLanguage>
                          </parameters>
                        </control>
                      </cell>
                    </row>
                    <row />
                    <row />
                    <row />
                    <row />
                    <row />
                    <row />
                    <row />
                    <row />
                    <row />
                    <row />
                    <row />
                    <row />
                    <row />
                    <row />
                  </rows>
                </section>
              </sections>
            </column>
          </columns>
        </tab>
        <tab name="AcademicPeriodDetails" id="{0c052e37-2d8b-d37e-abb4-248053ae5d5e}" IsUserDefined="0" locklevel="0" showlabel="true" expanded="true">
          <labels>
            <label description="Academic Period Details" languagecode="1033" />
          </labels>
          <columns>
            <column width="100%">
              <sections>
                <section name="tab_7_section_1" showlabel="false" showbar="false" locklevel="0" id="{dab020e3-38c8-e95e-1186-06980313c01d}" IsUserDefined="0" layout="varwidth" columns="1" labelwidth="115">
                  <labels>
                    <label description="Section" languagecode="1033" />
                  </labels>
                  <rows>
                    <row>
                      <cell id="{c884358e-b37a-7d73-0d6d-a8060e7517cd}" showlabel="false" colspan="1" auto="false" rowspan="6">
                        <labels>
                          <label description="Academic Period Details (Student)" languagecode="1033" />
                        </labels>
                        <control id="AcademicPeriodDetails" classid="{E7A81278-8635-4d9e-8D4D-59480B391C5B}" indicationOfSubgrid="true">
                          <parameters>
                            <ViewId>{92108403-8040-4BE3-AF5E-F051886F46A2}</ViewId>
                            <IsUserView>false</IsUserView>
                            <RelationshipName>mshied_contact_academicperioddetails_StudentId</RelationshipName>
                            <TargetEntityType>mshied_academicperioddetails</TargetEntityType>
                            <AutoExpand>Fixed</AutoExpand>
                            <EnableQuickFind>false</EnableQuickFind>
                            <EnableViewPicker>false</EnableViewPicker>
                            <ViewIds>{92108403-8040-4BE3-AF5E-F051886F46A2}</ViewIds>
                            <EnableJumpBar>false</EnableJumpBar>
                            <ChartGridMode>All</ChartGridMode>
                            <VisualizationId />
                            <IsUserChart>false</IsUserChart>
                            <EnableChartPicker>true</EnableChartPicker>
                            <RecordsPerPage>4</RecordsPerPage>
                            <HeaderColorCode>#F3F3F3</HeaderColorCode>
                          </parameters>
                        </control>
                      </cell>
                    </row>
                    <row />
                    <row />
                    <row />
                    <row />
                    <row />
                  </rows>
                </section>
              </sections>
            </column>
          </columns>
        </tab>
        <tab name="CourseHistory" id="{483356c7-e4e6-75b5-9468-6885c27d8715}" IsUserDefined="0" locklevel="0" showlabel="true" expanded="true">
          <labels>
            <label description="Course History" languagecode="1033" />
          </labels>
          <columns>
            <column width="100%">
              <sections>
                <section name="tab_5_section_1" showlabel="false" showbar="false" locklevel="0" id="{560394aa-9267-480e-6d08-1875e6006d1e}" IsUserDefined="0" layout="varwidth" columns="1" labelwidth="115">
                  <labels>
                    <label description="Section" languagecode="1033" />
                  </labels>
                  <rows>
                    <row>
                      <cell id="{e15ab261-92a5-a3bb-cd9a-d498295302a3}" showlabel="false" colspan="1" auto="false" rowspan="6">
                        <labels>
                          <label description="Course Histories (Student)" languagecode="1033" />
                        </labels>
                        <control id="CourseHistory" classid="{E7A81278-8635-4d9e-8D4D-59480B391C5B}" indicationOfSubgrid="true">
                          <parameters>
                            <ViewId>{F68457BF-B78C-4D5B-83A4-F4045FB380A2}</ViewId>
                            <IsUserView>false</IsUserView>
                            <RelationshipName>mshied_contact_coursehistory_StudentId</RelationshipName>
                            <TargetEntityType>mshied_coursehistory</TargetEntityType>
                            <AutoExpand>Fixed</AutoExpand>
                            <EnableQuickFind>false</EnableQuickFind>
                            <EnableViewPicker>false</EnableViewPicker>
                            <ViewIds>{F68457BF-B78C-4D5B-83A4-F4045FB380A2}</ViewIds>
                            <EnableJumpBar>false</EnableJumpBar>
                            <ChartGridMode>Grid</ChartGridMode>
                            <VisualizationId />
                            <IsUserChart>false</IsUserChart>
                            <EnableChartPicker>false</EnableChartPicker>
                            <RecordsPerPage>4</RecordsPerPage>
                            <HeaderColorCode>#F3F3F3</HeaderColorCode>
                          </parameters>
                        </control>
                      </cell>
                    </row>
                    <row />
                    <row />
                    <row />
                    <row />
                    <row />
                  </rows>
                </section>
              </sections>
            </column>
          </columns>
        </tab>
        <tab name="TestScores" id="{8e33401b-9294-5a6c-495a-9aeb6804d2cc}" IsUserDefined="0" locklevel="0" showlabel="true" expanded="true">
          <labels>
            <label description="Test Scores" languagecode="1033" />
          </labels>
          <columns>
            <column width="100%">
              <sections>
                <section name="tab_6_section_1" showlabel="false" showbar="false" locklevel="0" id="{a6e4c1b2-4a3a-33e6-1029-6c064d025651}" IsUserDefined="0" layout="varwidth" columns="1" labelwidth="115">
                  <labels>
                    <label description="Section" languagecode="1033" />
                  </labels>
                  <rows>
                    <row>
                      <cell id="{2229940e-ad4e-ec68-b1dc-cea3c36b60a6}" showlabel="false" colspan="1" auto="false" rowspan="6">
                        <labels>
                          <label description="Test Scores (Student ID)" languagecode="1033" />
                        </labels>
                        <control id="TestScores" classid="{E7A81278-8635-4d9e-8D4D-59480B391C5B}" indicationOfSubgrid="true">
                          <parameters>
                            <ViewId>{64631CC3-D83F-403B-843E-552799249F62}</ViewId>
                            <IsUserView>false</IsUserView>
                            <RelationshipName>mshied_contact_testscore_StudentID</RelationshipName>
                            <TargetEntityType>mshied_testscore</TargetEntityType>
                            <AutoExpand>Fixed</AutoExpand>
                            <EnableQuickFind>false</EnableQuickFind>
                            <EnableViewPicker>false</EnableViewPicker>
                            <ViewIds>{64631CC3-D83F-403B-843E-552799249F62}</ViewIds>
                            <EnableJumpBar>false</EnableJumpBar>
                            <ChartGridMode>Grid</ChartGridMode>
                            <VisualizationId />
                            <IsUserChart>false</IsUserChart>
                            <EnableChartPicker>false</EnableChartPicker>
                            <RecordsPerPage>4</RecordsPerPage>
                            <HeaderColorCode>#F3F3F3</HeaderColorCode>
                          </parameters>
                        </control>
                      </cell>
                    </row>
                    <row />
                    <row />
                    <row />
                    <row />
                    <row />
                  </rows>
                </section>
              </sections>
            </column>
          </columns>
        </tab>
        <tab name="Additional Details" id="{fe1c5c3b-d556-4552-a444-4781214a6d63}" IsUserDefined="0" expanded="true" showlabel="true" locklevel="0" labelid="{f8ca9670-f83e-411b-bfb6-414b5d08d2f1}">
          <labels>
            <label description="Additional Details" languagecode="1033" />
          </labels>
          <columns>
            <column width="34%">
              <sections>
                <section name="PERSONAL_NOTES_SECTION" showlabel="true" showbar="false" locklevel="0" id="{9435d60e-c5ac-2462-a159-414573dc2e45}" IsUserDefined="0" layout="varwidth" columns="1" labelwidth="115" celllabelalignment="Left" celllabelposition="Top" labelid="{193ca2bc-43d6-4b0f-8835-d30175188eda}">
                  <labels>
                    <label description="PERSONAL NOTES" languagecode="1033" />
                  </labels>
                  <rows>
                    <row>
                      <cell id="{d0c6aad7-7064-924e-b0e0-718dc557ccee}" showlabel="false" locklevel="0" rowspan="5" labelid="{b9c1c7d7-60b8-48c3-a459-13d00b269f1a}">
                        <labels>
                          <label description="Description" languagecode="1033" />
                        </labels>
                        <control id="description" classid="{E0DECE4B-6FC8-4a8f-A065-082708572369}" datafieldname="description" disabled="false" />
                      </cell>
                    </row>
                    <row />
                    <row />
                    <row />
                    <row />
                  </rows>
                </section>
              </sections>
            </column>
            <column width="33%">
              <sections>
                <section name="CONTACT_PREFERENCES" showlabel="true" showbar="false" id="{42aa148d-17fa-4c73-8213-bd22400b74ea}" IsUserDefined="0" columns="1" labelwidth="115" celllabelposition="Left" labelid="{1db5508f-e737-4f25-b638-68135ca4abf6}">
                  <labels>
                    <label description="CONTACT PREFERENCES" languagecode="1033" />
                  </labels>
                  <rows>
                    <row>
                      <cell id="{d4ec2d52-6658-cee9-4a2a-7a8029ad1862}" showlabel="true" locklevel="0" labelid="{147237ce-69a7-4a5d-bf14-873eaa09338d}">
                        <labels>
                          <label description="Contact Method" languagecode="1033" />
                        </labels>
                        <control id="preferredcontactmethodcode" classid="{3EF39988-22BB-4f0b-BBBE-64B5A3748AEE}" datafieldname="preferredcontactmethodcode" disabled="false" />
                      </cell>
                    </row>
                    <row>
                      <cell id="{f0b4951b-b5ec-4103-b69d-7ac2ad176ee4}" labelid="{c73c3a32-e8b5-4ee1-b969-321d9372572b}">
                        <labels>
                          <label description="Email" languagecode="1033" />
                        </labels>
                        <control id="donotemail" classid="{67FAC785-CD58-4f9f-ABB3-4B7DDC6ED5ED}" datafieldname="donotemail" />
                      </cell>
                    </row>
                    <row>
                      <cell id="{2344e926-ebe5-43a9-a634-98a98b1b9267}" labelid="{4ede7320-8901-4c97-baad-e4d465c14c9a}">
                        <labels>
                          <label description="Follow Email" languagecode="1033" />
                        </labels>
                        <control id="followemail" classid="{67FAC785-CD58-4f9f-ABB3-4B7DDC6ED5ED}" datafieldname="followemail" />
                      </cell>
                    </row>
                    <row>
                      <cell id="{041968bd-14fe-486a-baa0-719e7691e6ee}" labelid="{f29f0c6f-3591-48b0-b78a-4eb6f18ce89d}">
                        <labels>
                          <label description="Bulk Email" languagecode="1033" />
                        </labels>
                        <control id="donotbulkemail" classid="{67FAC785-CD58-4f9f-ABB3-4B7DDC6ED5ED}" datafieldname="donotbulkemail" />
                      </cell>
                    </row>
                    <row>
                      <cell id="{569cf3bd-3b14-46d8-a03a-22e6317d1d41}" labelid="{7827bd3b-a634-4fcf-ab1d-286372eb7631}">
                        <labels>
                          <label description="Phone" languagecode="1033" />
                        </labels>
                        <control id="donotphone" classid="{67FAC785-CD58-4f9f-ABB3-4B7DDC6ED5ED}" datafieldname="donotphone" />
                      </cell>
                    </row>
                    <row>
                      <cell id="{28d804f2-b314-42f6-92f8-982f4929bd6f}" labelid="{dcf12990-fb87-4e72-9fc5-e3c1239f1173}">
                        <labels>
                          <label description="Fax" languagecode="1033" />
                        </labels>
                        <control id="donotfax" classid="{67FAC785-CD58-4f9f-ABB3-4B7DDC6ED5ED}" datafieldname="donotfax" />
                      </cell>
                    </row>
                    <row>
                      <cell id="{dfe9aafd-1acc-488d-b31e-feef6f63a34d}" labelid="{05f68e0f-964f-490a-a094-cb75317da0b0}">
                        <labels>
                          <label description="Mail" languagecode="1033" />
                        </labels>
                        <control id="donotpostalmail" classid="{67FAC785-CD58-4f9f-ABB3-4B7DDC6ED5ED}" datafieldname="donotpostalmail" />
                      </cell>
                    </row>
                  </rows>
                </section>
              </sections>
            </column>
            <column width="33%">
              <sections>
                <section name="ExternalInformation" showlabel="true" showbar="false" id="{4565ac06-d780-4467-9baa-d03d6af45ae7}" IsUserDefined="0" columns="1" labelwidth="115" celllabelposition="Left" locklevel="0" celllabelalignment="Left" labelid="{ef9d0439-13fb-494f-8c32-7200ee858348}">
                  <labels>
                    <label description="External Information" languagecode="1033" />
                  </labels>
                  <rows>
                    <row>
                      <cell id="{99052376-0367-7ed0-9132-81e439ed0199}" showlabel="true" locklevel="0" labelid="{e865fd95-1d08-4897-b9bd-005bed9048c4}">
                        <labels>
                          <label description="External Identifier" languagecode="1033" />
                        </labels>
                        <control id="mshied_externalidentifier" classid="{4273EDBD-AC1D-40d3-9FB2-095C621B552D}" datafieldname="mshied_externalidentifier" disabled="false" />
                      </cell>
                    </row>
                    <row>
                      <cell id="{7959b1a6-c793-76a2-2446-016d675d28cc}" showlabel="true" locklevel="0" labelid="{b4f84f6c-701a-450d-83f5-0eddee6ef65e}">
                        <labels>
                          <label description="External Source System" languagecode="1033" />
                        </labels>
                        <control id="mshied_externalsourcesystem" classid="{3EF39988-22BB-4f0b-BBBE-64B5A3748AEE}" datafieldname="mshied_externalsourcesystem" disabled="false" />
                      </cell>
                    </row>
                  </rows>
                </section>
              </sections>
            </column>
          </columns>
        </tab>
        <tab name="tab_7" id="{e74ea7cc-eb44-1567-96e1-69bab409a30e}" IsUserDefined="0" locklevel="0" showlabel="true" expanded="true">
          <labels>
            <label description="Internships" languagecode="1033" />
          </labels>
          <columns>
            <column width="100%">
              <sections>
                <section name="tab_7_section_2" showlabel="false" showbar="false" locklevel="0" id="{944c0ca6-222c-891d-e59d-91b19aa6b852}" IsUserDefined="0" layout="varwidth" columns="1" labelwidth="115" celllabelalignment="Left" celllabelposition="Left">
                  <labels>
                    <label description="Internships" languagecode="1033" />
                  </labels>
                  <rows>
                    <row>
                      <cell id="{1e97c235-1451-6909-aca1-7c64317699b5}" showlabel="false" colspan="1" auto="false" rowspan="6">
                        <labels>
                          <label description="Internship Applicants (Applicant)" languagecode="1033" />
                        </labels>
                        <control id="Internships" classid="{E7A81278-8635-4d9e-8D4D-59480B391C5B}" indicationOfSubgrid="true">
                          <parameters>
                            <ViewId>{CB6A805A-5421-495E-AF88-9D79A47F03BF}</ViewId>
                            <IsUserView>false</IsUserView>
                            <RelationshipName>mshied_InternshipApplicant_Applicant_Contact</RelationshipName>
                            <TargetEntityType>mshied_internshipapplicant</TargetEntityType>
                            <AutoExpand>Fixed</AutoExpand>
                            <EnableQuickFind>false</EnableQuickFind>
                            <EnableViewPicker>false</EnableViewPicker>
                            <ViewIds>{CB6A805A-5421-495E-AF88-9D79A47F03BF}</ViewIds>
                            <EnableJumpBar>false</EnableJumpBar>
                            <ChartGridMode>Grid</ChartGridMode>
                            <VisualizationId />
                            <IsUserChart>false</IsUserChart>
                            <EnableChartPicker>false</EnableChartPicker>
                            <RecordsPerPage>4</RecordsPerPage>
                            <HeaderColorCode>#F3F3F3</HeaderColorCode>
                          </parameters>
                        </control>
                      </cell>
                    </row>
                    <row />
                    <row />
                    <row />
                    <row />
                    <row />
                  </rows>
                </section>
              </sections>
            </column>
          </columns>
        </tab>
        <tab name="tab_8" id="{0bae542d-23bc-8350-0417-045408cd7925}" IsUserDefined="0" locklevel="0" showlabel="true" expanded="true">
          <labels>
            <label description="Scholarships" languagecode="1033" />
          </labels>
          <columns>
            <column width="100%">
              <sections>
                <section name="tab_8_section_1" showlabel="false" showbar="false" locklevel="0" id="{4e3e232e-a4a0-d0da-0388-d19660688576}" IsUserDefined="0" layout="varwidth" columns="1" labelwidth="115" celllabelalignment="Left" celllabelposition="Left">
                  <labels>
                    <label description="Scholarships" languagecode="1033" />
                  </labels>
                  <rows>
                    <row>
                      <cell id="{c6eedc84-5560-02eb-75d1-b71cd697d37d}" showlabel="false" colspan="1" auto="false" rowspan="6">
                        <labels>
                          <label description="Scholarship Applicants (Applicant)" languagecode="1033" />
                        </labels>
                        <control id="Scholarships" classid="{E7A81278-8635-4d9e-8D4D-59480B391C5B}" indicationOfSubgrid="true">
                          <parameters>
                            <ViewId>{16BE99A2-2C40-4322-9D0D-8F0F86BF91C1}</ViewId>
                            <IsUserView>false</IsUserView>
                            <RelationshipName>mshied_ScholarshipApplicant_Applicant_Contact</RelationshipName>
                            <TargetEntityType>mshied_scholarshipapplicant</TargetEntityType>
                            <AutoExpand>Fixed</AutoExpand>
                            <EnableQuickFind>false</EnableQuickFind>
                            <EnableViewPicker>false</EnableViewPicker>
                            <ViewIds>{16BE99A2-2C40-4322-9D0D-8F0F86BF91C1}</ViewIds>
                            <EnableJumpBar>false</EnableJumpBar>
                            <ChartGridMode>Grid</ChartGridMode>
                            <VisualizationId />
                            <IsUserChart>false</IsUserChart>
                            <EnableChartPicker>false</EnableChartPicker>
                            <RecordsPerPage>4</RecordsPerPage>
                            <HeaderColorCode>#F3F3F3</HeaderColorCode>
                          </parameters>
                        </control>
                      </cell>
                    </row>
                    <row />
                    <row />
                    <row />
                    <row />
                    <row />
                  </rows>
                </section>
              </sections>
            </column>
          </columns>
        </tab>
        <tab name="tab_9" id="{596bab1c-d0e1-0b19-053e-13cd49dad20b}" IsUserDefined="0" locklevel="0" showlabel="true" expanded="true">
          <labels>
            <label description="Grants" languagecode="1033" />
          </labels>
          <columns>
            <column width="100%">
              <sections>
                <section name="tab_9_section_1" showlabel="false" showbar="false" locklevel="0" id="{ae687b43-5122-576e-6a1a-6716b2962d7b}" IsUserDefined="0" layout="varwidth" columns="1" labelwidth="115" celllabelalignment="Left" celllabelposition="Left">
                  <labels>
                    <label description="Grants" languagecode="1033" />
                  </labels>
                  <rows>
                    <row>
                      <cell id="{ec8bb923-b4c8-578c-ea57-a0b706005303}" showlabel="false" colspan="1" auto="false" rowspan="6">
                        <labels>
                          <label description="Grant Applicants (Applicant)" languagecode="1033" />
                        </labels>
                        <control id="Grants" classid="{E7A81278-8635-4d9e-8D4D-59480B391C5B}" indicationOfSubgrid="true">
                          <parameters>
                            <ViewId>{6B72DB1C-BE93-4E3B-8275-531A32E914F8}</ViewId>
                            <IsUserView>false</IsUserView>
                            <RelationshipName>mshied_GrantApplicant_Applicant_Contact</RelationshipName>
                            <TargetEntityType>mshied_grantapplicant</TargetEntityType>
                            <AutoExpand>Fixed</AutoExpand>
                            <EnableQuickFind>false</EnableQuickFind>
                            <EnableViewPicker>false</EnableViewPicker>
                            <ViewIds>{6B72DB1C-BE93-4E3B-8275-531A32E914F8}</ViewIds>
                            <EnableJumpBar>false</EnableJumpBar>
                            <ChartGridMode>Grid</ChartGridMode>
                            <VisualizationId />
                            <IsUserChart>false</IsUserChart>
                            <EnableChartPicker>false</EnableChartPicker>
                            <RecordsPerPage>4</RecordsPerPage>
                            <HeaderColorCode>#F3F3F3</HeaderColorCode>
                          </parameters>
                        </control>
                      </cell>
                    </row>
                    <row />
                    <row />
                    <row />
                    <row />
                    <row />
                  </rows>
                </section>
              </sections>
            </column>
          </columns>
        </tab>
        <tab name="tab_10" id="{6724401a-269b-bde9-45b7-3b77d7adec07}" IsUserDefined="0" locklevel="0" showlabel="true" expanded="true">
          <labels>
            <label description="Accomplishments" languagecode="1033" />
          </labels>
          <columns>
            <column width="100%">
              <sections>
                <section name="tab_10_section_1" showlabel="false" showbar="false" locklevel="0" id="{b0745dbe-a36e-b72d-2caa-a262c0cd7659}" IsUserDefined="0" layout="varwidth" columns="1" labelwidth="115" celllabelalignment="Left" celllabelposition="Left">
                  <labels>
                    <label description="Accomplishments" languagecode="1033" />
                  </labels>
                  <rows>
                    <row>
                      <cell id="{57528926-7a12-027b-4205-cbac78e7a998}" showlabel="false" colspan="1" auto="false" rowspan="6">
                        <labels>
                          <label description="Accomplishments (Student)" languagecode="1033" />
                        </labels>
                        <control id="Accomplishments" classid="{E7A81278-8635-4d9e-8D4D-59480B391C5B}" indicationOfSubgrid="true">
                          <parameters>
                            <ViewId>{2EDAD430-ED32-4011-BA97-3DC429797030}</ViewId>
                            <IsUserView>false</IsUserView>
                            <RelationshipName>mshied_Accomplishments_Student_Contact</RelationshipName>
                            <TargetEntityType>mshied_accomplishments</TargetEntityType>
                            <AutoExpand>Fixed</AutoExpand>
                            <EnableQuickFind>false</EnableQuickFind>
                            <EnableViewPicker>false</EnableViewPicker>
                            <ViewIds>{2EDAD430-ED32-4011-BA97-3DC429797030}</ViewIds>
                            <EnableJumpBar>false</EnableJumpBar>
                            <ChartGridMode>Grid</ChartGridMode>
                            <VisualizationId />
                            <IsUserChart>false</IsUserChart>
                            <EnableChartPicker>false</EnableChartPicker>
                            <RecordsPerPage>4</RecordsPerPage>
                            <HeaderColorCode>#F3F3F3</HeaderColorCode>
                          </parameters>
                        </control>
                      </cell>
                    </row>
                    <row />
                    <row />
                    <row />
                    <row />
                    <row />
                  </rows>
                </section>
              </sections>
            </column>
          </columns>
        </tab>
      </tabs>
      <header id="{3ff9aa06-4e43-41ce-afa9-22a038af5c19}" celllabelposition="Top" columns="1" labelwidth="115">
        <rows>
          <row>
            <cell id="{24be01cc-16a6-8eea-8916-42d20a1097ae}" showlabel="true" locklevel="1" labelid="{1887f2cd-a0c4-4598-9db7-8dbea91def9d}">
              <labels>
                <label description="Owner" languagecode="1033" />
              </labels>
              <control id="header_ownerid" classid="{270BD3DB-D9AF-4782-9025-509E298DEC0A}" datafieldname="ownerid" />
            </cell>
          </row>
        </rows>
      </header>
      <clientresources>
        <internalresources>
          <clientincludes>
            <internaljscriptfile src="$webresource:AppCommon/Contact/Contact_main_system_library.js" />
          </clientincludes>
        </internalresources>
      </clientresources>
      <Navigation>
        <NavBar>
          <NavBarByRelationshipItem RelationshipName="Contact_CustomerAddress" Id="navAddresses" Sequence="10" Area="Info" Show="false">
            <Privileges>
              <Privilege Entity="" Privilege="ReadActivity" />
            </Privileges>
            <Titles>
              <Title LCID="1033" Text="Addresses" />
              <Title LCID="1025" Text="العناوين" />
              <Title LCID="1026" Text="Адреси" />
              <Title LCID="1027" Text="Adreces" />
              <Title LCID="1029" Text="Adresy" />
              <Title LCID="1030" Text="Adresser" />
              <Title LCID="1031" Text="Adressen" />
              <Title LCID="1032" Text="Διευθύνσεις" />
              <Title LCID="3082" Text="Direcciones" />
              <Title LCID="1061" Text="Aadressid" />
              <Title LCID="1069" Text="Helbideak" />
              <Title LCID="1035" Text="Osoitteet" />
              <Title LCID="1036" Text="Adresses" />
              <Title LCID="1110" Text="Enderezos" />
              <Title LCID="1037" Text="כתובות" />
              <Title LCID="1081" Text="पते" />
              <Title LCID="1050" Text="Adrese" />
              <Title LCID="1038" Text="Címek" />
              <Title LCID="1057" Text="Alamat" />
              <Title LCID="1040" Text="Indirizzi" />
              <Title LCID="1041" Text="住所" />
              <Title LCID="1087" Text="Мекенжайлар" />
              <Title LCID="1042" Text="주소" />
              <Title LCID="1063" Text="Adresai" />
              <Title LCID="1062" Text="Adreses" />
              <Title LCID="1086" Text="Alamat" />
              <Title LCID="1044" Text="Adresser" />
              <Title LCID="1043" Text="Adressen" />
              <Title LCID="1045" Text="Adresy" />
              <Title LCID="1046" Text="Endereços" />
              <Title LCID="2070" Text="Endereços" />
              <Title LCID="1048" Text="Adrese" />
              <Title LCID="1049" Text="Адреса" />
              <Title LCID="1051" Text="Adresy" />
              <Title LCID="1060" Text="Naslovi" />
              <Title LCID="10266" Text="Адресе" />
              <Title LCID="9242" Text="Adrese" />
              <Title LCID="1053" Text="Adresser" />
              <Title LCID="1054" Text="ที่อยู่" />
              <Title LCID="1055" Text="Adresler" />
              <Title LCID="1058" Text="Адреси" />
              <Title LCID="1066" Text="Địa chỉ" />
              <Title LCID="2052" Text="地址" />
              <Title LCID="3076" Text="地址" />
              <Title LCID="1028" Text="地址" />
            </Titles>
          </NavBarByRelationshipItem>
          <NavBarByRelationshipItem RelationshipName="contact_customer_contacts" Id="navSubConts" Sequence="10" Area="Info" Show="false">
            <Privileges>
              <Privilege Entity="" Privilege="ReadActivity" />
            </Privileges>
            <Titles>
              <Title LCID="1033" Text="Contacts" />
              <Title LCID="1025" Text="جهات الاتصال" />
              <Title LCID="1026" Text="Контакти" />
              <Title LCID="1027" Text="Contactes" />
              <Title LCID="1029" Text="Kontakty" />
              <Title LCID="1030" Text="Kontakter" />
              <Title LCID="1031" Text="Kontakte" />
              <Title LCID="1032" Text="Επαφές" />
              <Title LCID="3082" Text="Contactos" />
              <Title LCID="1061" Text="Kontaktid" />
              <Title LCID="1069" Text="Kontaktuak" />
              <Title LCID="1035" Text="Yhteyshenkilöt" />
              <Title LCID="1036" Text="Contacts" />
              <Title LCID="1110" Text="Contactos" />
              <Title LCID="1037" Text="אנשי קשר" />
              <Title LCID="1081" Text="संपर्क" />
              <Title LCID="1050" Text="Kontakti" />
              <Title LCID="1038" Text="Kapcsolattartók" />
              <Title LCID="1057" Text="Kontak" />
              <Title LCID="1040" Text="Contatti" />
              <Title LCID="1041" Text="取引先担当者" />
              <Title LCID="1087" Text="Контактілер" />
              <Title LCID="1042" Text="연락처" />
              <Title LCID="1063" Text="Kontaktai" />
              <Title LCID="1062" Text="Kontaktpersonas" />
              <Title LCID="1086" Text="Kenalan" />
              <Title LCID="1044" Text="Kontakter" />
              <Title LCID="1043" Text="Contactpersonen" />
              <Title LCID="1045" Text="Kontakty" />
              <Title LCID="1046" Text="Contatos" />
              <Title LCID="2070" Text="Contactos" />
              <Title LCID="1048" Text="Persoane de contact" />
              <Title LCID="1049" Text="Контакты" />
              <Title LCID="1051" Text="Kontakty" />
              <Title LCID="1060" Text="Stiki" />
              <Title LCID="10266" Text="Контакти" />
              <Title LCID="9242" Text="Kontakti" />
              <Title LCID="1053" Text="Kontakter" />
              <Title LCID="1054" Text="ผู้ติดต่อ" />
              <Title LCID="1055" Text="İlgili Kişiler" />
              <Title LCID="1058" Text="Контактні особи" />
              <Title LCID="1066" Text="Người liên hệ" />
              <Title LCID="2052" Text="联系人" />
              <Title LCID="3076" Text="連絡人" />
              <Title LCID="1028" Text="連絡人" />
            </Titles>
          </NavBarByRelationshipItem>
          <NavBarByRelationshipItem RelationshipName="contact_customer_relationship_customer" Id="navRelationships" Sequence="10" Area="Info" Show="false">
            <Privileges>
              <Privilege Entity="" Privilege="ReadActivity" />
            </Privileges>
            <Titles>
              <Title LCID="1033" Text="CustomerRelationship" />
              <Title LCID="1025" Text="CustomerRelationship" />
              <Title LCID="1026" Text="CustomerRelationship" />
              <Title LCID="1027" Text="CustomerRelationship" />
              <Title LCID="1029" Text="CustomerRelationship" />
              <Title LCID="1030" Text="CustomerRelationship" />
              <Title LCID="1031" Text="CustomerRelationship" />
              <Title LCID="1032" Text="CustomerRelationship" />
              <Title LCID="3082" Text="CustomerRelationship" />
              <Title LCID="1061" Text="CustomerRelationship" />
              <Title LCID="1069" Text="CustomerRelationship" />
              <Title LCID="1035" Text="CustomerRelationship" />
              <Title LCID="1036" Text="CustomerRelationship" />
              <Title LCID="1110" Text="CustomerRelationship" />
              <Title LCID="1037" Text="CustomerRelationship" />
              <Title LCID="1081" Text="CustomerRelationship" />
              <Title LCID="1050" Text="CustomerRelationship" />
              <Title LCID="1038" Text="CustomerRelationship" />
              <Title LCID="1057" Text="CustomerRelationship" />
              <Title LCID="1040" Text="CustomerRelationship" />
              <Title LCID="1041" Text="CustomerRelationship" />
              <Title LCID="1087" Text="CustomerRelationship" />
              <Title LCID="1042" Text="CustomerRelationship" />
              <Title LCID="1063" Text="CustomerRelationship" />
              <Title LCID="1062" Text="CustomerRelationship" />
              <Title LCID="1086" Text="CustomerRelationship" />
              <Title LCID="1044" Text="CustomerRelationship" />
              <Title LCID="1043" Text="CustomerRelationship" />
              <Title LCID="1045" Text="CustomerRelationship" />
              <Title LCID="1046" Text="CustomerRelationship" />
              <Title LCID="2070" Text="CustomerRelationship" />
              <Title LCID="1048" Text="CustomerRelationship" />
              <Title LCID="1049" Text="CustomerRelationship" />
              <Title LCID="1051" Text="CustomerRelationship" />
              <Title LCID="1060" Text="CustomerRelationship" />
              <Title LCID="10266" Text="CustomerRelationship" />
              <Title LCID="9242" Text="CustomerRelationship" />
              <Title LCID="1053" Text="CustomerRelationship" />
              <Title LCID="1054" Text="CustomerRelationship" />
              <Title LCID="1055" Text="CustomerRelationship" />
              <Title LCID="1058" Text="CustomerRelationship" />
              <Title LCID="1066" Text="CustomerRelationship" />
              <Title LCID="2052" Text="CustomerRelationship" />
              <Title LCID="3076" Text="CustomerRelationship" />
              <Title LCID="1028" Text="CustomerRelationship" />
            </Titles>
          </NavBarByRelationshipItem>
          <NavBarByRelationshipItem RelationshipName="hardcoded_{B7196B13-6B9D-42CD-BD58-B19A3953126F}navAsyncOperations" Sequence="9500" Area="ProcessCenter" Id="navAsyncOperations" Show="false">
            <Titles>
              <Title LCID="1033" Text="Workflows" />
              <Title LCID="1025" Text="عمليات سير العمل" />
              <Title LCID="1026" Text="Работни потоци" />
              <Title LCID="1027" Text="Fluxos de treball" />
              <Title LCID="1029" Text="Pracovní postupy" />
              <Title LCID="1030" Text="Arbejdsprocesser" />
              <Title LCID="1031" Text="Workflows" />
              <Title LCID="1032" Text="Ροές εργασιών" />
              <Title LCID="3082" Text="Flujos de trabajo" />
              <Title LCID="1061" Text="Töövood" />
              <Title LCID="1069" Text="Lan-fluxuak" />
              <Title LCID="1035" Text="Työnkulut" />
              <Title LCID="1036" Text="Workflows" />
              <Title LCID="1110" Text="Fluxos de traballo" />
              <Title LCID="1037" Text="זרימות עבודה" />
              <Title LCID="1081" Text="कार्य प्रवाह" />
              <Title LCID="1050" Text="Tjekovi rada" />
              <Title LCID="1038" Text="Munkafolyamatok" />
              <Title LCID="1057" Text="Alur Kerja" />
              <Title LCID="1040" Text="Flussi di lavoro" />
              <Title LCID="1041" Text="ワークフロー" />
              <Title LCID="1087" Text="Жұмыс ағындары" />
              <Title LCID="1042" Text="워크플로" />
              <Title LCID="1063" Text="Darbo eigos" />
              <Title LCID="1062" Text="Darbplūsmas" />
              <Title LCID="1086" Text="Aliran Kerja" />
              <Title LCID="1044" Text="Arbeidsflyter" />
              <Title LCID="1043" Text="Werkstromen" />
              <Title LCID="1045" Text="Przepływy pracy" />
              <Title LCID="1046" Text="Fluxos de Trabalho" />
              <Title LCID="2070" Text="Fluxos de Trabalho" />
              <Title LCID="1048" Text="Fluxuri de lucru" />
              <Title LCID="1049" Text="Бизнес-процессы" />
              <Title LCID="1051" Text="Pracovné postupy" />
              <Title LCID="1060" Text="Poteki dela" />
              <Title LCID="10266" Text="Токови посла" />
              <Title LCID="9242" Text="Tokovi posla" />
              <Title LCID="1053" Text="Arbetsflöden" />
              <Title LCID="1054" Text="เวิร์กโฟลว์" />
              <Title LCID="1055" Text="İş Akışları" />
              <Title LCID="1058" Text="Робочі цикли" />
              <Title LCID="1066" Text="Quy trình làm việc" />
              <Title LCID="2052" Text="工作流" />
              <Title LCID="3076" Text="工作流程" />
              <Title LCID="1028" Text="工作流程" />
            </Titles>
          </NavBarByRelationshipItem>
          <NavBarByRelationshipItem RelationshipName="hardcoded_{B7196B13-6B9D-42CD-BD58-B19A3953126F}navProcessSessions" Sequence="9700" Area="ProcessCenter" Id="navProcessSessions" Show="false">
            <Titles>
              <Title LCID="1033" Text="Dialog Sessions" />
              <Title LCID="1025" Text="جلسات عمل الحوار" />
              <Title LCID="1026" Text="Диалогови сесии" />
              <Title LCID="1027" Text="Sessions del diàleg" />
              <Title LCID="1029" Text="Relace dialogů" />
              <Title LCID="1030" Text="Dialogsessioner" />
              <Title LCID="1031" Text="Dialogsitzungen" />
              <Title LCID="1032" Text="Περίοδοι λειτουργίας παραθύρου διαλόγου" />
              <Title LCID="3082" Text="Sesiones de diálogo" />
              <Title LCID="1061" Text="Dialoogiseansid" />
              <Title LCID="1069" Text="Elkarrizketa-saioak" />
              <Title LCID="1035" Text="Dialogi-istunnot" />
              <Title LCID="1036" Text="Sessions de dialogue" />
              <Title LCID="1110" Text="Sesións de diálogo" />
              <Title LCID="1037" Text="הפעלות דו-שיח" />
              <Title LCID="1081" Text="संवाद सत्र" />
              <Title LCID="1050" Text="Sesije dijaloga" />
              <Title LCID="1038" Text="Párbeszéd-munkamenetek" />
              <Title LCID="1057" Text="Sesi Dialog" />
              <Title LCID="1040" Text="Sessioni di interazione" />
              <Title LCID="1041" Text="ダイアログ セッション" />
              <Title LCID="1087" Text="Диалог сеанстары" />
              <Title LCID="1042" Text="대화 세션" />
              <Title LCID="1063" Text="Dialogo seansai" />
              <Title LCID="1062" Text="Dialogu sesijas" />
              <Title LCID="1086" Text="Sesi Dialog" />
              <Title LCID="1044" Text="Dialogøkter" />
              <Title LCID="1043" Text="Dialoogvenstersessies" />
              <Title LCID="1045" Text="Sesje dialogowe" />
              <Title LCID="1046" Text="Sessões de Diálogo" />
              <Title LCID="2070" Text="Sessões de Diálogo" />
              <Title LCID="1048" Text="Sesiuni de dialog" />
              <Title LCID="1049" Text="Сеансы диалогового окна" />
              <Title LCID="1051" Text="Relácie dialógového okna" />
              <Title LCID="1060" Text="Seje dialoga" />
              <Title LCID="10266" Text="Сесије дијалога" />
              <Title LCID="9242" Text="Sesije dijaloga" />
              <Title LCID="1053" Text="Dialogsessioner" />
              <Title LCID="1054" Text="เซสชันของกล่องโต้ตอบ" />
              <Title LCID="1055" Text="Diyalog Oturumları" />
              <Title LCID="1058" Text="Сеанси діалогу" />
              <Title LCID="1066" Text="Phiên hộp thoại" />
              <Title LCID="2052" Text="对话会话" />
              <Title LCID="3076" Text="對話方塊工作階段" />
              <Title LCID="1028" Text="對話方塊工作階段" />
            </Titles>
          </NavBarByRelationshipItem>
        </NavBar>
        <NavBarAreas>
          <NavBarArea Id="Info">
            <Titles>
              <Title LCID="1033" Text="Common" />
              <Title LCID="1025" Text="Common" />
              <Title LCID="1026" Text="Common" />
              <Title LCID="1027" Text="Common" />
              <Title LCID="1029" Text="Common" />
              <Title LCID="1030" Text="Common" />
              <Title LCID="1031" Text="Common" />
              <Title LCID="1032" Text="Common" />
              <Title LCID="3082" Text="Common" />
              <Title LCID="1061" Text="Common" />
              <Title LCID="1069" Text="Common" />
              <Title LCID="1035" Text="Common" />
              <Title LCID="1036" Text="Common" />
              <Title LCID="1110" Text="Common" />
              <Title LCID="1037" Text="Common" />
              <Title LCID="1081" Text="Common" />
              <Title LCID="1050" Text="Common" />
              <Title LCID="1038" Text="Common" />
              <Title LCID="1057" Text="Common" />
              <Title LCID="1040" Text="Common" />
              <Title LCID="1041" Text="Common" />
              <Title LCID="1087" Text="Common" />
              <Title LCID="1042" Text="Common" />
              <Title LCID="1063" Text="Common" />
              <Title LCID="1062" Text="Common" />
              <Title LCID="1086" Text="Common" />
              <Title LCID="1044" Text="Common" />
              <Title LCID="1043" Text="Common" />
              <Title LCID="1045" Text="Common" />
              <Title LCID="1046" Text="Common" />
              <Title LCID="2070" Text="Common" />
              <Title LCID="1048" Text="Common" />
              <Title LCID="1049" Text="Common" />
              <Title LCID="1051" Text="Common" />
              <Title LCID="1060" Text="Common" />
              <Title LCID="10266" Text="Common" />
              <Title LCID="9242" Text="Common" />
              <Title LCID="1053" Text="Common" />
              <Title LCID="1054" Text="Common" />
              <Title LCID="1055" Text="Common" />
              <Title LCID="1058" Text="Common" />
              <Title LCID="1066" Text="Common" />
              <Title LCID="2052" Text="Common" />
              <Title LCID="3076" Text="Common" />
              <Title LCID="1028" Text="Common" />
            </Titles>
          </NavBarArea>
          <NavBarArea Id="Sales">
            <Titles>
              <Title LCID="1033" Text="Sales" />
              <Title LCID="1025" Text="Sales" />
              <Title LCID="1026" Text="Sales" />
              <Title LCID="1027" Text="Sales" />
              <Title LCID="1029" Text="Sales" />
              <Title LCID="1030" Text="Sales" />
              <Title LCID="1031" Text="Sales" />
              <Title LCID="1032" Text="Sales" />
              <Title LCID="3082" Text="Sales" />
              <Title LCID="1061" Text="Sales" />
              <Title LCID="1069" Text="Sales" />
              <Title LCID="1035" Text="Sales" />
              <Title LCID="1036" Text="Sales" />
              <Title LCID="1110" Text="Sales" />
              <Title LCID="1037" Text="Sales" />
              <Title LCID="1081" Text="Sales" />
              <Title LCID="1050" Text="Sales" />
              <Title LCID="1038" Text="Sales" />
              <Title LCID="1057" Text="Sales" />
              <Title LCID="1040" Text="Sales" />
              <Title LCID="1041" Text="Sales" />
              <Title LCID="1087" Text="Sales" />
              <Title LCID="1042" Text="Sales" />
              <Title LCID="1063" Text="Sales" />
              <Title LCID="1062" Text="Sales" />
              <Title LCID="1086" Text="Sales" />
              <Title LCID="1044" Text="Sales" />
              <Title LCID="1043" Text="Sales" />
              <Title LCID="1045" Text="Sales" />
              <Title LCID="1046" Text="Sales" />
              <Title LCID="2070" Text="Sales" />
              <Title LCID="1048" Text="Sales" />
              <Title LCID="1049" Text="Sales" />
              <Title LCID="1051" Text="Sales" />
              <Title LCID="1060" Text="Sales" />
              <Title LCID="10266" Text="Sales" />
              <Title LCID="9242" Text="Sales" />
              <Title LCID="1053" Text="Sales" />
              <Title LCID="1054" Text="Sales" />
              <Title LCID="1055" Text="Sales" />
              <Title LCID="1058" Text="Sales" />
              <Title LCID="1066" Text="Sales" />
              <Title LCID="2052" Text="Sales" />
              <Title LCID="3076" Text="Sales" />
              <Title LCID="1028" Text="Sales" />
            </Titles>
          </NavBarArea>
          <NavBarArea Id="Service">
            <Titles>
              <Title LCID="1033" Text="Service" />
              <Title LCID="1025" Text="Service" />
              <Title LCID="1026" Text="Service" />
              <Title LCID="1027" Text="Service" />
              <Title LCID="1029" Text="Service" />
              <Title LCID="1030" Text="Service" />
              <Title LCID="1031" Text="Service" />
              <Title LCID="1032" Text="Service" />
              <Title LCID="3082" Text="Service" />
              <Title LCID="1061" Text="Service" />
              <Title LCID="1069" Text="Service" />
              <Title LCID="1035" Text="Service" />
              <Title LCID="1036" Text="Service" />
              <Title LCID="1110" Text="Service" />
              <Title LCID="1037" Text="Service" />
              <Title LCID="1081" Text="Service" />
              <Title LCID="1050" Text="Service" />
              <Title LCID="1038" Text="Service" />
              <Title LCID="1057" Text="Service" />
              <Title LCID="1040" Text="Service" />
              <Title LCID="1041" Text="Service" />
              <Title LCID="1087" Text="Service" />
              <Title LCID="1042" Text="Service" />
              <Title LCID="1063" Text="Service" />
              <Title LCID="1062" Text="Service" />
              <Title LCID="1086" Text="Service" />
              <Title LCID="1044" Text="Service" />
              <Title LCID="1043" Text="Service" />
              <Title LCID="1045" Text="Service" />
              <Title LCID="1046" Text="Service" />
              <Title LCID="2070" Text="Service" />
              <Title LCID="1048" Text="Service" />
              <Title LCID="1049" Text="Service" />
              <Title LCID="1051" Text="Service" />
              <Title LCID="1060" Text="Service" />
              <Title LCID="10266" Text="Service" />
              <Title LCID="9242" Text="Service" />
              <Title LCID="1053" Text="Service" />
              <Title LCID="1054" Text="Service" />
              <Title LCID="1055" Text="Service" />
              <Title LCID="1058" Text="Service" />
              <Title LCID="1066" Text="Service" />
              <Title LCID="2052" Text="Service" />
              <Title LCID="3076" Text="Service" />
              <Title LCID="1028" Text="Service" />
            </Titles>
          </NavBarArea>
          <NavBarArea Id="Marketing">
            <Titles>
              <Title LCID="1033" Text="Marketing" />
              <Title LCID="1025" Text="Marketing" />
              <Title LCID="1026" Text="Marketing" />
              <Title LCID="1027" Text="Marketing" />
              <Title LCID="1029" Text="Marketing" />
              <Title LCID="1030" Text="Marketing" />
              <Title LCID="1031" Text="Marketing" />
              <Title LCID="1032" Text="Marketing" />
              <Title LCID="3082" Text="Marketing" />
              <Title LCID="1061" Text="Marketing" />
              <Title LCID="1069" Text="Marketing" />
              <Title LCID="1035" Text="Marketing" />
              <Title LCID="1036" Text="Marketing" />
              <Title LCID="1110" Text="Marketing" />
              <Title LCID="1037" Text="Marketing" />
              <Title LCID="1081" Text="Marketing" />
              <Title LCID="1050" Text="Marketing" />
              <Title LCID="1038" Text="Marketing" />
              <Title LCID="1057" Text="Marketing" />
              <Title LCID="1040" Text="Marketing" />
              <Title LCID="1041" Text="Marketing" />
              <Title LCID="1087" Text="Marketing" />
              <Title LCID="1042" Text="Marketing" />
              <Title LCID="1063" Text="Marketing" />
              <Title LCID="1062" Text="Marketing" />
              <Title LCID="1086" Text="Marketing" />
              <Title LCID="1044" Text="Marketing" />
              <Title LCID="1043" Text="Marketing" />
              <Title LCID="1045" Text="Marketing" />
              <Title LCID="1046" Text="Marketing" />
              <Title LCID="2070" Text="Marketing" />
              <Title LCID="1048" Text="Marketing" />
              <Title LCID="1049" Text="Marketing" />
              <Title LCID="1051" Text="Marketing" />
              <Title LCID="1060" Text="Marketing" />
              <Title LCID="10266" Text="Marketing" />
              <Title LCID="9242" Text="Marketing" />
              <Title LCID="1053" Text="Marketing" />
              <Title LCID="1054" Text="Marketing" />
              <Title LCID="1055" Text="Marketing" />
              <Title LCID="1058" Text="Marketing" />
              <Title LCID="1066" Text="Marketing" />
              <Title LCID="2052" Text="Marketing" />
              <Title LCID="3076" Text="Marketing" />
              <Title LCID="1028" Text="Marketing" />
            </Titles>
          </NavBarArea>
          <NavBarArea Id="ProcessCenter">
            <Titles>
              <Title LCID="1033" Text="Process Sessions" />
              <Title LCID="1025" Text="Process Sessions" />
              <Title LCID="1026" Text="Process Sessions" />
              <Title LCID="1027" Text="Process Sessions" />
              <Title LCID="1029" Text="Process Sessions" />
              <Title LCID="1030" Text="Process Sessions" />
              <Title LCID="1031" Text="Process Sessions" />
              <Title LCID="1032" Text="Process Sessions" />
              <Title LCID="3082" Text="Process Sessions" />
              <Title LCID="1061" Text="Process Sessions" />
              <Title LCID="1069" Text="Process Sessions" />
              <Title LCID="1035" Text="Process Sessions" />
              <Title LCID="1036" Text="Process Sessions" />
              <Title LCID="1110" Text="Process Sessions" />
              <Title LCID="1037" Text="Process Sessions" />
              <Title LCID="1081" Text="Process Sessions" />
              <Title LCID="1050" Text="Process Sessions" />
              <Title LCID="1038" Text="Process Sessions" />
              <Title LCID="1057" Text="Process Sessions" />
              <Title LCID="1040" Text="Process Sessions" />
              <Title LCID="1041" Text="Process Sessions" />
              <Title LCID="1087" Text="Process Sessions" />
              <Title LCID="1042" Text="Process Sessions" />
              <Title LCID="1063" Text="Process Sessions" />
              <Title LCID="1062" Text="Process Sessions" />
              <Title LCID="1086" Text="Process Sessions" />
              <Title LCID="1044" Text="Process Sessions" />
              <Title LCID="1043" Text="Process Sessions" />
              <Title LCID="1045" Text="Process Sessions" />
              <Title LCID="1046" Text="Process Sessions" />
              <Title LCID="2070" Text="Process Sessions" />
              <Title LCID="1048" Text="Process Sessions" />
              <Title LCID="1049" Text="Process Sessions" />
              <Title LCID="1051" Text="Process Sessions" />
              <Title LCID="1060" Text="Process Sessions" />
              <Title LCID="10266" Text="Process Sessions" />
              <Title LCID="9242" Text="Process Sessions" />
              <Title LCID="1053" Text="Process Sessions" />
              <Title LCID="1054" Text="Process Sessions" />
              <Title LCID="1055" Text="Process Sessions" />
              <Title LCID="1058" Text="Process Sessions" />
              <Title LCID="1066" Text="Process Sessions" />
              <Title LCID="2052" Text="Process Sessions" />
              <Title LCID="3076" Text="Process Sessions" />
              <Title LCID="1028" Text="Process Sessions" />
            </Titles>
          </NavBarArea>
        </NavBarAreas>
      </Navigation>
      <controlDescriptions />
      <events>
        <event name="onload" application="true" active="true">
          <InternalHandlers>
            <Handler functionName="AppCommon.Contact.Instance.form_onload" libraryName="AppCommon/Contact/Contact_main_system_library.js" handlerUniqueId="4ea24ebd-795d-434e-af94-6812c3867b54" enabled="true" />
          </InternalHandlers>
        </event>
      </events>
      <DisplayConditions FallbackForm="true" Order="4">
        <Role Id="{627090ff-40a3-4053-8790-584edc5be201}" />
        <Role Id="{119f245c-3cc8-4b62-b31c-d1a046ced15d}" />
      </DisplayConditions>
    </form>
    <IsCustomizable>1</IsCustomizable>
    <CanBeDeleted>1</CanBeDeleted>
    <LocalizedNames>
      <LocalizedName description="Higher Education Student Form" languagecode="1033" />
    </LocalizedNames>
    <Descriptions>
      <Description description="Higher Education Student Form" languagecode="1033" />
    </Descriptions>
  </systemform>
</forms>